uuid|accountId|categoryId|lowerLimit|upperLimit|description|points
1EABC062-DC76-42FC-A817-52D89C8CDAE9|E3CDC578-37BA-4CDB-B150-DAB0409270CD|55DD5463-6ECB-48A3-B6E7-03548A9E37FE|83|100|A|12
C8593353-1810-46DF-897C-1173537B78CC|E3CDC578-37BA-4CDB-B150-DAB0409270CD|55DD5463-6ECB-48A3-B6E7-03548A9E37FE|75|82|A-|11
ED2F088A-0D1F-45F5-88DC-CB9552FD44F5|E3CDC578-37BA-4CDB-B150-DAB0409270CD|55DD5463-6ECB-48A3-B6E7-03548A9E37FE|66|74|B+|10
323556CF-3695-449E-86F4-9515CC58A267|E3CDC578-37BA-4CDB-B150-DAB0409270CD|55DD5463-6ECB-48A3-B6E7-03548A9E37FE|56|65|B|9
CDBCEC15-3EE0-43EF-B384-F4014E83F89D|E3CDC578-37BA-4CDB-B150-DAB0409270CD|55DD5463-6ECB-48A3-B6E7-03548A9E37FE|54|55|B-|8
4F819276-09F7-4B53-99E9-65FADF75F7D2|E3CDC578-37BA-4CDB-B150-DAB0409270CD|55DD5463-6ECB-48A3-B6E7-03548A9E37FE|48|53|C+|7
FB769B43-B092-42E4-9936-A0716F28B25D|E3CDC578-37BA-4CDB-B150-DAB0409270CD|55DD5463-6ECB-48A3-B6E7-03548A9E37FE|42|47|C|6
A058D7E4-0233-4BE7-990A-D3CB229164B5|E3CDC578-37BA-4CDB-B150-DAB0409270CD|55DD5463-6ECB-48A3-B6E7-03548A9E37FE|40|41|C-|5
1C9DD8CF-14B2-4BF2-AACC-6B6CBEB98998|E3CDC578-37BA-4CDB-B150-DAB0409270CD|55DD5463-6ECB-48A3-B6E7-03548A9E37FE|35|39|D+|4
3C212576-FEB0-47B3-A3F8-71C623D38064|E3CDC578-37BA-4CDB-B150-DAB0409270CD|55DD5463-6ECB-48A3-B6E7-03548A9E37FE|31|34|D|3
129BAE9E-BBE9-4FBA-B67E-BEE11FF3C1C6|E3CDC578-37BA-4CDB-B150-DAB0409270CD|55DD5463-6ECB-48A3-B6E7-03548A9E37FE|26|30|D-|2
0E97899E-99F2-468F-86A5-9E59F7A224DC|E3CDC578-37BA-4CDB-B150-DAB0409270CD|55DD5463-6ECB-48A3-B6E7-03548A9E37FE|1|25|E|1
