uuid|accountId|studentId|amountPaid|payMode|transactionId|paidHas|termPiad|yearPaid
0BC077F0-8DF9-46BC-9E14-5F4596598A97|E3CDC578-37BA-4CDB-B150-DAB0409270CD|4F218688-6DE5-4E69-8690-66FBA2F0DC9F|1000|BANK|43D078FA-4AA8-4844-1000|1|1|2016
58A46A57-9832-4148-8E93-5F48CA38836E|E3CDC578-37BA-4CDB-B150-DAB0409270CD|A195BAF6-D6E7-43A5-B7C9-D6C627A42815|2000|CASH|43D078FA-4AA8-4844-999|1|1|2016
9E67D061-48C4-483F-BFC3-69D308FCB4A3|E3CDC578-37BA-4CDB-B150-DAB0409270CD|8A1B5BDB-9589-4207-8345-A811FC18B2C9|3000|MPESA|43D078FA-4AA8-4844-998|1|1|2016
7112A8C5-C63F-4713-A5C2-508EB59919EC|E3CDC578-37BA-4CDB-B150-DAB0409270CD|AEED7469-F7AF-41E6-B24C-13B1D74E1026|4000|BANK|43D078FA-4AA8-4844-997|1|1|2016
0BE7E546-7968-4213-8EB5-B201450495D0|E3CDC578-37BA-4CDB-B150-DAB0409270CD|CF64EBB2-BCC2-4EAA-B1C8-060EEE3284F3|5000|CASH|43D078FA-4AA8-4844-996|1|1|2016
90EB9D8D-926E-45B1-B17C-FA2CDF536225|E3CDC578-37BA-4CDB-B150-DAB0409270CD|7BF6983F-CF8D-4897-8122-7CCD0F778CAF|6000|MPESA|43D078FA-4AA8-4844-995|1|1|2016
AC1686FA-A00B-403A-A3A5-54A003A20E1C|E3CDC578-37BA-4CDB-B150-DAB0409270CD|87D0EA99-7042-4867-A4B7-C31E7665DE5E|7000|BANK|43D078FA-4AA8-4844-994|1|1|2016
D8B0A075-62BA-42BB-9CEF-49E76717DF5A|E3CDC578-37BA-4CDB-B150-DAB0409270CD|6912F4C6-9370-440A-BA87-11A8426BA92C|8000|CASH|43D078FA-4AA8-4844-993|1|1|2016
D03346E2-7BF8-4FD3-97B5-CF48B59B3E24|E3CDC578-37BA-4CDB-B150-DAB0409270CD|91318D8C-8150-49B4-A473-CF97F104F6B7|9000|MPESA|43D078FA-4AA8-4844-992|1|1|2016
D4074D7E-E1A3-41C1-AF51-975E7861AFDF|E3CDC578-37BA-4CDB-B150-DAB0409270CD|DD9AF1EF-EEEC-49D3-A43F-802D7028BFD7|10000|BANK|43D078FA-4AA8-4844-991|1|1|2016
7BE71EE4-F303-4651-9810-EA0FDEA79AB3|E3CDC578-37BA-4CDB-B150-DAB0409270CD|4F218688-6DE5-4E69-8690-66FBA2F0DC9F|1000|CASH|43D078FA-4AA8-4844-990|1|1|2016
A8B0F751-593D-40F1-B8FA-A47FBD1EAB03|E3CDC578-37BA-4CDB-B150-DAB0409270CD|A195BAF6-D6E7-43A5-B7C9-D6C627A42815|2000|MPESA|43D078FA-4AA8-4844-989|1|1|2016
147F05F7-4EF6-42B8-8D10-1BF140C555F1|E3CDC578-37BA-4CDB-B150-DAB0409270CD|8A1B5BDB-9589-4207-8345-A811FC18B2C9|3000|BANK|43D078FA-4AA8-4844-988|1|1|2016
05F3C14A-6854-430B-BA7B-B112D07C5968|E3CDC578-37BA-4CDB-B150-DAB0409270CD|AEED7469-F7AF-41E6-B24C-13B1D74E1026|4000|CASH|43D078FA-4AA8-4844-987|1|1|2016
68F6BD02-951E-410A-9AF5-E5483DBB1B6B|E3CDC578-37BA-4CDB-B150-DAB0409270CD|CF64EBB2-BCC2-4EAA-B1C8-060EEE3284F3|5000|MPESA|43D078FA-4AA8-4844-986|1|1|2016
4A13EEA9-E69C-4C86-B407-8D71F70BAFAF|E3CDC578-37BA-4CDB-B150-DAB0409270CD|7BF6983F-CF8D-4897-8122-7CCD0F778CAF|6000|BANK|43D078FA-4AA8-4844-985|1|1|2016
22A8CD54-E8F2-4504-9E2B-BBBA8720935A|E3CDC578-37BA-4CDB-B150-DAB0409270CD|87D0EA99-7042-4867-A4B7-C31E7665DE5E|7000|CASH|43D078FA-4AA8-4844-984|1|1|2016
5CC6F9B5-9916-4CC6-984E-5C6A80F0B0C3|E3CDC578-37BA-4CDB-B150-DAB0409270CD|6912F4C6-9370-440A-BA87-11A8426BA92C|8000|MPESA|43D078FA-4AA8-4844-983|1|1|2016
E31B14D4-F98C-4E15-BAC9-952437F15546|E3CDC578-37BA-4CDB-B150-DAB0409270CD|91318D8C-8150-49B4-A473-CF97F104F6B7|9000|BANK|43D078FA-4AA8-4844-982|1|1|2016
7F514AE0-E99F-4F09-B7BC-314797629458|E3CDC578-37BA-4CDB-B150-DAB0409270CD|DD9AF1EF-EEEC-49D3-A43F-802D7028BFD7|10000|CASH|43D078FA-4AA8-4844-981|1|1|2016
745E74EC-D8E7-4718-917F-44B9A1094BC4|E3CDC578-37BA-4CDB-B150-DAB0409270CD|4F218688-6DE5-4E69-8690-66FBA2F0DC9F|1000|MPESA|43D078FA-4AA8-4844-980|1|1|2016
765B379F-6FDE-44BA-9ED7-E7AE2CC03855|E3CDC578-37BA-4CDB-B150-DAB0409270CD|A195BAF6-D6E7-43A5-B7C9-D6C627A42815|2000|BANK|43D078FA-4AA8-4844-979|1|1|2016
EC49C2E2-E24E-4375-AED6-C64A20C9E0FF|E3CDC578-37BA-4CDB-B150-DAB0409270CD|8A1B5BDB-9589-4207-8345-A811FC18B2C9|3000|CASH|43D078FA-4AA8-4844-978|1|1|2016
E6104D07-6C95-4F98-8174-14607CE6AE3E|E3CDC578-37BA-4CDB-B150-DAB0409270CD|AEED7469-F7AF-41E6-B24C-13B1D74E1026|4000|MPESA|43D078FA-4AA8-4844-977|1|1|2016
388D1C1B-3A4F-4DB0-A213-82736E9DD2F0|E3CDC578-37BA-4CDB-B150-DAB0409270CD|CF64EBB2-BCC2-4EAA-B1C8-060EEE3284F3|5000|BANK|43D078FA-4AA8-4844-976|1|1|2016
4545E095-49A3-4622-BEBC-01B158108F99|E3CDC578-37BA-4CDB-B150-DAB0409270CD|7BF6983F-CF8D-4897-8122-7CCD0F778CAF|6000|CASH|43D078FA-4AA8-4844-975|1|1|2016
310F2F09-C13A-4BEA-8B4F-3B87F30DFA59|E3CDC578-37BA-4CDB-B150-DAB0409270CD|87D0EA99-7042-4867-A4B7-C31E7665DE5E|7000|MPESA|43D078FA-4AA8-4844-974|1|1|2016
90001537-4F8A-4FF8-8BEE-A6BAF3D562B6|E3CDC578-37BA-4CDB-B150-DAB0409270CD|6912F4C6-9370-440A-BA87-11A8426BA92C|8000|BANK|43D078FA-4AA8-4844-973|1|1|2016
276BD557-5258-4769-A37D-589071CA0A08|E3CDC578-37BA-4CDB-B150-DAB0409270CD|91318D8C-8150-49B4-A473-CF97F104F6B7|9000|CASH|43D078FA-4AA8-4844-972|1|1|2016
E0248EE8-3AD2-4E29-8B2E-8A604D9DECBE|E3CDC578-37BA-4CDB-B150-DAB0409270CD|DD9AF1EF-EEEC-49D3-A43F-802D7028BFD7|10000|MPESA|43D078FA-4AA8-4844-971|1|1|2016
0125C45C-02C5-4248-B86A-A61B4A67F221|E3CDC578-37BA-4CDB-B150-DAB0409270CD|62BC85B5-306F-4740-A215-48470CA31288|1000|BANK|43D078FA-4AA8-4844-970|1|1|2016
DBB00191-4712-4AA4-971B-2E322676201E|E3CDC578-37BA-4CDB-B150-DAB0409270CD|B2EEF18D-EE0A-4CA1-B6FE-B82F863D81B4|2000|CASH|43D078FA-4AA8-4844-969|1|1|2016
7F5E890F-6B88-41CB-9B75-A2BF5A7A7901|E3CDC578-37BA-4CDB-B150-DAB0409270CD|29A012E5-CDE3-45D8-9BB0-A25D3DBF0A92|3000|MPESA|43D078FA-4AA8-4844-968|1|1|2016
4B0D0242-A171-4AD6-B4F4-C80606E2D4D1|E3CDC578-37BA-4CDB-B150-DAB0409270CD|423C391C-4944-43F4-9034-9C6818E9C1A2|4000|BANK|43D078FA-4AA8-4844-967|1|1|2016
DEF21E0A-EE1E-4974-B575-5C5BD08C5CA4|E3CDC578-37BA-4CDB-B150-DAB0409270CD|F67E977A-0102-4758-91E8-9782A570E75D|5000|CASH|43D078FA-4AA8-4844-966|1|1|2016
A40085FF-51BB-4892-9021-991F2929C78D|E3CDC578-37BA-4CDB-B150-DAB0409270CD|EF70C8D3-6866-4F6E-8FC2-10665A8D9B12|6000|MPESA|43D078FA-4AA8-4844-965|1|1|2016
17A7D049-6FFA-4FA6-ADED-BCCA8F0A4127|E3CDC578-37BA-4CDB-B150-DAB0409270CD|123264D0-464E-4032-BEA5-CFECA81410C9|7000|BANK|43D078FA-4AA8-4844-964|1|1|2016
FB25D081-51F8-4B15-93AD-68453D1FBE10|E3CDC578-37BA-4CDB-B150-DAB0409270CD|CA1F032F-1CA2-4DCE-8AAA-CB284E167A3E|8000|CASH|43D078FA-4AA8-4844-963|1|1|2016
505434B9-E38C-4397-A819-719420F164A7|E3CDC578-37BA-4CDB-B150-DAB0409270CD|72A995F4-0C94-4FAA-8A43-2277B02B97D1|9000|MPESA|43D078FA-4AA8-4844-962|1|1|2016
C2F5A281-B074-48B9-88B6-FB1294A08270|E3CDC578-37BA-4CDB-B150-DAB0409270CD|0DE968C9-7309-C481-58F7-AB6CDB1011EF|10000|BANK|43D078FA-4AA8-4844-961|1|1|2016
DA9532E2-547E-4D94-96AC-3E492952B6C1|E3CDC578-37BA-4CDB-B150-DAB0409270CD|C1F2964E-9DD5-4B7A-86BD-E7FCAFB9D9D9|1000|CASH|43D078FA-4AA8-4844-960|1|1|2016
3C9B496B-08F7-4E11-A80B-188339A8DDE1|E3CDC578-37BA-4CDB-B150-DAB0409270CD|E4D9BF24-8574-463D-A816-A21CEC6CD548|2000|MPESA|43D078FA-4AA8-4844-959|1|1|2016
DD3C019D-20A8-471D-8582-1BA5524FA2DD|E3CDC578-37BA-4CDB-B150-DAB0409270CD|40F82118-26E7-4CCC-8456-195B5F009478|3000|BANK|43D078FA-4AA8-4844-958|1|1|2016
FAC47601-CAD0-4501-911B-A460182E366F|E3CDC578-37BA-4CDB-B150-DAB0409270CD|0420916C-304D-4EB8-A847-8B4729E915C1|4000|CASH|43D078FA-4AA8-4844-957|1|1|2016
12F12190-9F26-4EAA-B20A-B5F02385ECCA|E3CDC578-37BA-4CDB-B150-DAB0409270CD|199C78A9-4708-451E-8C87-8E6B4F47AAD9|5000|MPESA|43D078FA-4AA8-4844-956|1|1|2016
D8476812-BC9E-41AC-9DFB-B5F2185CCF17|E3CDC578-37BA-4CDB-B150-DAB0409270CD|B404AA65-25A3-40B0-8462-D377A926354F|6000|BANK|43D078FA-4AA8-4844-955|1|1|2016
3949C0B8-8E31-4E29-A0FF-18D541DC2F88|E3CDC578-37BA-4CDB-B150-DAB0409270CD|B7B6D6E6-84B1-47F6-AA1B-AA34AEB7D236|7000|CASH|43D078FA-4AA8-4844-954|1|1|2016
2DC8C739-8942-46A0-B574-473A17E2D074|E3CDC578-37BA-4CDB-B150-DAB0409270CD|7559C867-A833-4DA2-816B-51D4636033A3|8000|MPESA|43D078FA-4AA8-4844-953|1|1|2016
0E8ECB51-D87A-43AC-85A6-8F6AB7345B86|E3CDC578-37BA-4CDB-B150-DAB0409270CD|7FC3A038-C5DE-4DEE-AE2D-E2ED230AB328|9000|BANK|43D078FA-4AA8-4844-952|1|1|2016
5BF52CC1-F4F8-4E72-88F9-4F6A00D878FD|E3CDC578-37BA-4CDB-B150-DAB0409270CD|4A4D0394-0FBD-4014-98A5-D3CE9161A568|10000|CASH|43D078FA-4AA8-4844-951|1|1|2016
DD226D2D-925F-42B7-AEA2-FF34D8A17CD8|E3CDC578-37BA-4CDB-B150-DAB0409270CD|CB0EF175-8A57-49D7-A1D4-89D0C6E3A497|1000|MPESA|43D078FA-4AA8-4844-950|1|1|2016
86BE0566-881F-4478-A3FA-C0557485F905|E3CDC578-37BA-4CDB-B150-DAB0409270CD|309B97E9-72AB-4FD0-A282-8410413ACE46|2000|BANK|43D078FA-4AA8-4844-949|1|1|2016
B5D83971-380E-40A4-A897-6A7574C39572|E3CDC578-37BA-4CDB-B150-DAB0409270CD|307ED34F-D6B5-4EE8-AB44-543305B12085|3000|CASH|43D078FA-4AA8-4844-948|1|1|2016
475867BC-811D-430F-879E-45F5D3F879EA|E3CDC578-37BA-4CDB-B150-DAB0409270CD|97BAC717-C0A7-47F7-9918-C56658E6D792|4000|MPESA|43D078FA-4AA8-4844-947|1|1|2016
050D0B75-2BF4-42B2-B774-1CC71DF90FB8|E3CDC578-37BA-4CDB-B150-DAB0409270CD|466D93AD-B0D7-4B29-89C0-569A421763D6|5000|BANK|43D078FA-4AA8-4844-946|1|1|2016
F9177EBE-8CAE-4EF9-A7F9-51A4C5F71E39|E3CDC578-37BA-4CDB-B150-DAB0409270CD|41C68FA5-4A98-4BB2-B702-68DD844F92B0|6000|CASH|43D078FA-4AA8-4844-945|1|1|2016
2161F73B-4905-471C-A572-F1CA85B2971D|E3CDC578-37BA-4CDB-B150-DAB0409270CD|9208D11F-98E8-47B8-8DFC-4215FC2EF127|7000|MPESA|43D078FA-4AA8-4844-944|1|1|2016
450E2788-2A79-42C0-997B-056BD44FA352|E3CDC578-37BA-4CDB-B150-DAB0409270CD|3013780A-61AD-4BAA-8666-C89CC1A555F8|8000|BANK|43D078FA-4AA8-4844-943|1|1|2016
671EF20F-9B04-4975-BF53-E549B95EDA26|E3CDC578-37BA-4CDB-B150-DAB0409270CD|3C14C92D-9113-4289-8A69-564BF3F3D871|9000|CASH|43D078FA-4AA8-4844-942|1|1|2016
8C0CA1B8-5111-4198-9585-2C5E7F61C422|E3CDC578-37BA-4CDB-B150-DAB0409270CD|E9888085-FD91-4551-9274-50BA485A9637|10000|MPESA|43D078FA-4AA8-4844-941|1|1|2016
FBF37C68-C831-406A-B5A0-8881BECC423E|E3CDC578-37BA-4CDB-B150-DAB0409270CD|DDAD0F9E-C85B-462D-8A57-FCE97AEE4EF0|1000|BANK|43D078FA-4AA8-4844-940|1|1|2016
9A44713C-BD70-4244-9FB0-C36C4D094252|E3CDC578-37BA-4CDB-B150-DAB0409270CD|6799DC5E-5CEB-4D60-BD75-EAA9FFFDE30F|2000|CASH|43D078FA-4AA8-4844-939|1|1|2016
EE791EC7-16AF-42B5-A4DC-52BC62CDDCB2|E3CDC578-37BA-4CDB-B150-DAB0409270CD|85728858-0D2E-4DA6-9901-941B737421E5|3000|MPESA|43D078FA-4AA8-4844-938|1|1|2016
E68C7DBD-88D8-4B86-B399-EC27227B4C42|E3CDC578-37BA-4CDB-B150-DAB0409270CD|2A4FD176-029E-4DA0-A08A-036BF438EDE7|4000|BANK|43D078FA-4AA8-4844-937|1|1|2016
B4E2A900-2D7E-44E5-B3FB-BDA7BF097806|E3CDC578-37BA-4CDB-B150-DAB0409270CD|1381D1CA-EB72-4D72-A793-D692BE1483C9|5000|CASH|43D078FA-4AA8-4844-936|1|1|2016
F8F5C737-7C72-49E6-94D5-D7E76D4A1ECD|E3CDC578-37BA-4CDB-B150-DAB0409270CD|81B20DD2-7462-47FB-B597-1BDAA8A9F0EF|6000|MPESA|43D078FA-4AA8-4844-935|1|1|2016
2A2AAA85-5050-40BB-99EC-C4982E57FD3E|E3CDC578-37BA-4CDB-B150-DAB0409270CD|0BB327CC-1E4B-497E-9A77-7A49419D95C7|7000|BANK|43D078FA-4AA8-4844-934|1|1|2016
2E9E8C2D-CFE6-4BE7-872B-5FFAE768958C|E3CDC578-37BA-4CDB-B150-DAB0409270CD|AA1B14EB-5CA0-4FA1-B665-697342B2782D|8000|CASH|43D078FA-4AA8-4844-933|1|1|2016
C8628439-4939-4D22-AADF-04A4E0DB9F3B|E3CDC578-37BA-4CDB-B150-DAB0409270CD|5B3BD314-7489-4F0E-8BD8-35DF4DF3FC5C|9000|MPESA|43D078FA-4AA8-4844-932|1|1|2016
5A1F1A39-5987-4684-8296-7CB3363FF475|E3CDC578-37BA-4CDB-B150-DAB0409270CD|89AE9658-3882-484D-B1D5-9E13F554DF2B|10000|BANK|43D078FA-4AA8-4844-931|1|1|2016
33B6E3D4-2898-4BF4-B281-EBF4EA908DE1|E3CDC578-37BA-4CDB-B150-DAB0409270CD|87671173-70A4-435F-8C3F-14695782B8CF|1000|CASH|43D078FA-4AA8-4844-930|1|1|2016
18822AA0-FD34-432A-B50E-67FAD8F7E969|E3CDC578-37BA-4CDB-B150-DAB0409270CD|3AD1F311-C539-4FED-B840-6B6081BDB2E7|2000|MPESA|43D078FA-4AA8-4844-929|1|1|2016
C14822C9-EC71-417D-B5D6-B4785CF3CA15|E3CDC578-37BA-4CDB-B150-DAB0409270CD|90342A1E-0084-4EB2-9D11-2191B59FA1A6|3000|BANK|43D078FA-4AA8-4844-928|1|1|2016
4F3E9BF0-52A2-4253-8091-F708267F28BD|E3CDC578-37BA-4CDB-B150-DAB0409270CD|799CA5BA-3FA6-4773-BC2E-3C68E1213AC6|4000|CASH|43D078FA-4AA8-4844-927|1|1|2016
682953B4-7DC4-4C6F-8E02-165607C9AF58|E3CDC578-37BA-4CDB-B150-DAB0409270CD|91DA9E7C-CAA1-4438-A1D7-DD071CFAFF8F|5000|MPESA|43D078FA-4AA8-4844-926|1|1|2016
0D627B2A-E20E-46C6-9D80-0660A4C95CD7|E3CDC578-37BA-4CDB-B150-DAB0409270CD|11FFC61B-DCDB-4DEE-B9C5-E9DD22B9E575|6000|BANK|43D078FA-4AA8-4844-925|1|1|2016
40741088-53FD-46E0-8341-EF37FEA76B1E|E3CDC578-37BA-4CDB-B150-DAB0409270CD|91DAFF4B-C8B9-4B46-A971-E66955D66332|7000|CASH|43D078FA-4AA8-4844-924|1|1|2016
1D158690-EF2F-4677-B31C-FDF97220B085|E3CDC578-37BA-4CDB-B150-DAB0409270CD|F5B016C3-DE03-4097-B006-616E8EE832CE|8000|MPESA|43D078FA-4AA8-4844-923|1|1|2016
4F5C5310-1EEA-423B-ADCF-FEC738406D9B|E3CDC578-37BA-4CDB-B150-DAB0409270CD|A2DA52F4-EDAE-4866-9228-634AFC4F5458|9000|BANK|43D078FA-4AA8-4844-922|1|1|2016
A2F5D452-3186-4FD8-A0DE-C504096EF39E|E3CDC578-37BA-4CDB-B150-DAB0409270CD|BBE08494-134E-4E03-B8B6-44D2C9AFF521|10000|CASH|43D078FA-4AA8-4844-921|1|1|2016
45990F15-A3FC-43DC-B1A4-B8DE09053DE0|E3CDC578-37BA-4CDB-B150-DAB0409270CD|D28063C0-F2B8-4A47-9817-19656004C279|1000|MPESA|43D078FA-4AA8-4844-920|1|1|2016
3E05EBBB-30A1-43CD-B84A-1BACA39E0C1A|E3CDC578-37BA-4CDB-B150-DAB0409270CD|C72A3B1C-A13C-462C-BDB7-AFDEFF5F2DA8|2000|BANK|43D078FA-4AA8-4844-919|1|1|2016
27859F93-5C28-43F5-B384-9379BEF7463D|E3CDC578-37BA-4CDB-B150-DAB0409270CD|9F22612B-A69B-41D3-8819-F71420D6DF2F|3000|CASH|43D078FA-4AA8-4844-918|1|1|2016
EDE25FAF-29FF-4E23-BC64-1C03A93290E8|E3CDC578-37BA-4CDB-B150-DAB0409270CD|E4CBA165-C6EE-4B1D-ADC8-C327B77B6B13|4000|MPESA|43D078FA-4AA8-4844-917|1|1|2016
F9247278-CED2-40E2-A3E5-6513116D0F84|E3CDC578-37BA-4CDB-B150-DAB0409270CD|F26BC70F-FDDC-4383-A8D9-E0E5457834D9|5000|BANK|43D078FA-4AA8-4844-916|1|1|2016
476AAAD4-02D7-4F3F-B326-73DCA442F528|E3CDC578-37BA-4CDB-B150-DAB0409270CD|BDBD35C0-F0A5-46F8-AFFF-5F2BBC182C25|6000|CASH|43D078FA-4AA8-4844-915|1|1|2016
2A3B2B9C-CF1D-423D-88B4-9AA327C203CE|E3CDC578-37BA-4CDB-B150-DAB0409270CD|31638728-0D17-4D23-B876-FF238D90B7F9|7000|MPESA|43D078FA-4AA8-4844-914|1|1|2016
2D6C406B-C4D1-4FE1-9872-7294913B9C70|E3CDC578-37BA-4CDB-B150-DAB0409270CD|172EE44D-088A-4766-A021-690628406CB9|8000|BANK|43D078FA-4AA8-4844-913|1|1|2016
A7F13F92-BE77-4971-9449-51FDF15D7E3D|E3CDC578-37BA-4CDB-B150-DAB0409270CD|582A7D9B-1159-40C5-B8EF-21173770BFA3|9000|CASH|43D078FA-4AA8-4844-912|1|1|2016
D199AAB5-AB0D-4070-B8FF-38038E3EF16A|E3CDC578-37BA-4CDB-B150-DAB0409270CD|777CE711-981A-4613-AAA3-99E1140E90E9|10000|MPESA|43D078FA-4AA8-4844-911|1|1|2016
F7F2EDBC-BCE9-4889-B642-3E3CBEA8AFEB|E3CDC578-37BA-4CDB-B150-DAB0409270CD|289A87A1-3936-4012-9487-7B5598F672C9|1000|BANK|43D078FA-4AA8-4844-910|1|1|2016
339B9535-8EC9-440F-9D93-4C793D4F92AE|E3CDC578-37BA-4CDB-B150-DAB0409270CD|F07D8FE7-DA87-40EB-A294-D06BDAC8F438|2000|CASH|43D078FA-4AA8-4844-909|1|1|2016
F884C65B-AC6B-4A08-9D88-212533DC2A3B|E3CDC578-37BA-4CDB-B150-DAB0409270CD|A2678067-A7A3-4D10-A30C-C3789B180A70|3000|MPESA|43D078FA-4AA8-4844-908|1|1|2016
6538493F-0B76-4063-B4EB-06F103E3490F|E3CDC578-37BA-4CDB-B150-DAB0409270CD|2F073061-C5C3-4359-B4DE-5E17D74D6620|4000|BANK|43D078FA-4AA8-4844-907|1|1|2016
2E291663-5DD1-4580-8121-42B6D1261553|E3CDC578-37BA-4CDB-B150-DAB0409270CD|539D4A11-2C5B-40BC-91A2-44998747E8AD|5000|CASH|43D078FA-4AA8-4844-906|1|1|2016
6A41B826-B950-48C3-A940-B8249F3CAA2F|E3CDC578-37BA-4CDB-B150-DAB0409270CD|EE943C52-EF11-4D6C-BEBF-CE5901394CB3|6000|MPESA|43D078FA-4AA8-4844-905|1|1|2016
D8D2D088-96B1-4446-95DD-D35F5B232619|E3CDC578-37BA-4CDB-B150-DAB0409270CD|743DB4A9-876D-4148-828D-A0CC23B736CC|7000|BANK|43D078FA-4AA8-4844-904|1|1|2016
4DE935E9-A7B8-4F1C-8775-6F90C0EAC92C|E3CDC578-37BA-4CDB-B150-DAB0409270CD|CE880C8E-C8D0-49A3-AA4A-8294F8F3F307|8000|CASH|43D078FA-4AA8-4844-903|1|1|2016
B0FE9B46-E0DE-4276-8698-6F91691EADA3|E3CDC578-37BA-4CDB-B150-DAB0409270CD|20CA9579-140F-4DAB-8587-30AEAD28B04E|9000|MPESA|43D078FA-4AA8-4844-902|1|1|2016
FC46D368-43C8-46F2-BB59-400D362008ED|E3CDC578-37BA-4CDB-B150-DAB0409270CD|505B0413-C444-4B53-99E2-BFA56F3F771A|10000|BANK|43D078FA-4AA8-4844-901|1|1|2016
84403FD1-A8E2-44EE-BDE6-98E0C8BA24BB|E3CDC578-37BA-4CDB-B150-DAB0409270CD|A48C8714-0012-4AF0-AE0F-0C3932980FC5|1000|CASH|43D078FA-4AA8-4844-900|1|1|2016
0EEB5C51-49B6-4072-8422-691F0E0F5BE9|E3CDC578-37BA-4CDB-B150-DAB0409270CD|3DC2A34B-008C-4C2C-BD11-262FB0DA6BB3|2000|MPESA|43D078FA-4AA8-4844-899|1|1|2016
AE9A6E26-68D2-4058-9987-D92F9B02607D|E3CDC578-37BA-4CDB-B150-DAB0409270CD|5CF574B4-1464-4BEC-AD86-84639DE8EB1A|3000|BANK|43D078FA-4AA8-4844-898|1|1|2016
60D2C3C6-6255-46F3-91B5-70EE6471D929|E3CDC578-37BA-4CDB-B150-DAB0409270CD|7C3BAB0E-C09E-4238-B3C0-9FAF188A53B7|4000|CASH|43D078FA-4AA8-4844-897|1|1|2016
BC2BB07B-39C2-4162-B933-F705BD7DD879|E3CDC578-37BA-4CDB-B150-DAB0409270CD|CD23A751-4F7F-4CA4-9B98-CA509B1C9BE9|5000|MPESA|43D078FA-4AA8-4844-896|1|1|2016
F1526543-7FD5-4BAA-A943-9A5783383BAB|E3CDC578-37BA-4CDB-B150-DAB0409270CD|E3AC3BF6-7832-4CFA-A684-F866CFF1EC03|6000|BANK|43D078FA-4AA8-4844-895|1|1|2016
BFFD2C62-9B35-4904-914C-CAE3FFEC930D|E3CDC578-37BA-4CDB-B150-DAB0409270CD|54A61629-5C00-42D7-9167-44AC3E6A1D49|7000|CASH|43D078FA-4AA8-4844-894|1|1|2016
00F99C87-276B-4CA8-8747-32EB9CC49755|E3CDC578-37BA-4CDB-B150-DAB0409270CD|2F1D0FF2-D63F-42EC-B26C-728328BD2D2E|8000|MPESA|43D078FA-4AA8-4844-893|1|1|2016
005B7EC7-2CEF-4829-8A92-D0C68B663140|E3CDC578-37BA-4CDB-B150-DAB0409270CD|6B6E166D-6F1C-4594-AC6F-220CC73C569A|9000|BANK|43D078FA-4AA8-4844-892|1|1|2016
ABA0B110-7362-48CC-8710-8F45CB2DDBAB|E3CDC578-37BA-4CDB-B150-DAB0409270CD|3F6F8ACF-477F-4E93-9099-524272131150|10000|CASH|43D078FA-4AA8-4844-891|1|1|2016
305A72E5-5906-47EC-BC3C-1800EBF91E1F|E3CDC578-37BA-4CDB-B150-DAB0409270CD|CEAECA2A-D0DE-4E78-B663-2C2265C56E5A|1000|MPESA|43D078FA-4AA8-4844-890|1|1|2016
3619137D-24D8-471D-8068-2EFD823F5BC8|E3CDC578-37BA-4CDB-B150-DAB0409270CD|7193EB96-25D8-4FC0-AA1F-F76B0695AB1D|2000|BANK|43D078FA-4AA8-4844-889|1|1|2016
50805AB2-6068-4A34-8086-9B900B5AC265|E3CDC578-37BA-4CDB-B150-DAB0409270CD|9BDEB2F2-AE2F-4D41-95A7-075FE76077C9|3000|CASH|43D078FA-4AA8-4844-888|1|1|2016
67013136-95E2-4F76-A68F-A137A73580FB|E3CDC578-37BA-4CDB-B150-DAB0409270CD|40CC3205-3CE2-4FB3-9331-5AC66B8FAA3D|4000|MPESA|43D078FA-4AA8-4844-887|1|1|2016
58747AE7-31C4-47D5-A420-9D8CC34E76A2|E3CDC578-37BA-4CDB-B150-DAB0409270CD|0B19CA51-195B-4FF1-9BC0-2B75DA47A5B2|5000|BANK|43D078FA-4AA8-4844-886|1|1|2016
9B88CC43-5410-4248-B75F-798BF4777012|E3CDC578-37BA-4CDB-B150-DAB0409270CD|745823C6-C558-45D0-A477-B963799C8F28|6000|CASH|43D078FA-4AA8-4844-885|1|1|2016
4BF0276A-0147-4D32-9386-07ACBAD44F3F|E3CDC578-37BA-4CDB-B150-DAB0409270CD|9D3BEDC0-924F-434C-8CFE-4EF4EE2323C9|7000|MPESA|43D078FA-4AA8-4844-884|1|1|2016
FDBAA658-36A2-4BE1-A776-8317A315F968|E3CDC578-37BA-4CDB-B150-DAB0409270CD|CC6D62A0-5AA0-46CA-A0AA-C0A651021BDA|8000|BANK|43D078FA-4AA8-4844-883|1|1|2016
BFBCA40A-2B82-4603-A873-D06FBA877585|E3CDC578-37BA-4CDB-B150-DAB0409270CD|E9E5C637-E205-4479-B0E8-4F547DEFE169|9000|CASH|43D078FA-4AA8-4844-882|1|1|2016
AF9DDF5D-205F-43DD-82A5-F98750731C3F|E3CDC578-37BA-4CDB-B150-DAB0409270CD|95251D87-568C-4B6B-9378-1018A934808A|10000|MPESA|43D078FA-4AA8-4844-881|1|1|2016
9826B1F0-B843-4587-B9BA-BF97169D6C1B|E3CDC578-37BA-4CDB-B150-DAB0409270CD|3AA8BAE9-981D-406C-B388-81337EFB95C7|1000|BANK|43D078FA-4AA8-4844-880|1|1|2016
BF53882D-6E50-413B-86C6-BB1576E45258|E3CDC578-37BA-4CDB-B150-DAB0409270CD|910AAFE9-54B0-42E3-8348-C1ADAA8EC4F6|2000|CASH|43D078FA-4AA8-4844-879|1|1|2016
C39B4A24-1E79-444B-AE1F-34C05AA6EC06|E3CDC578-37BA-4CDB-B150-DAB0409270CD|8297AE60-2986-4FEA-9ECD-253652CE5AAE|3000|MPESA|43D078FA-4AA8-4844-878|1|1|2016
6EAE3DA0-2561-4F33-A490-C90E9671B03F|E3CDC578-37BA-4CDB-B150-DAB0409270CD|19AA4B94-DFA8-46D9-9663-E84B2AEE6AAB|4000|BANK|43D078FA-4AA8-4844-877|1|1|2016
757CCEF7-F7E7-4BC3-A56A-39F15DB43277|E3CDC578-37BA-4CDB-B150-DAB0409270CD|B80DF118-2B28-4B7C-9B4F-0938CB025413|5000|CASH|43D078FA-4AA8-4844-876|1|1|2016
599D8CAD-4817-485C-9FAB-45A149A1ABDB|E3CDC578-37BA-4CDB-B150-DAB0409270CD|88598F8E-AFA3-40D3-A3AD-D4D7DE7DB538|6000|MPESA|43D078FA-4AA8-4844-875|1|1|2016
1DA888F1-9292-4B5F-8F55-429A29823C1F|E3CDC578-37BA-4CDB-B150-DAB0409270CD|4643C0D8-5534-4BE8-AF1A-7C7DFD0BA5DB|7000|BANK|43D078FA-4AA8-4844-874|1|1|2016
2751F932-17F7-4069-8BFF-6CF7ACA9B2DE|E3CDC578-37BA-4CDB-B150-DAB0409270CD|BC134D9A-C501-46EA-8578-AC197DC48A88|8000|CASH|43D078FA-4AA8-4844-873|1|1|2016
4690681A-329E-4582-8A10-C6E6D03E70BF|E3CDC578-37BA-4CDB-B150-DAB0409270CD|B208DFF0-E0DE-4EDD-8682-852408D7E031|9000|MPESA|43D078FA-4AA8-4844-872|1|1|2016
2AA9A07E-5624-4B4E-8CC8-9A88942719FC|E3CDC578-37BA-4CDB-B150-DAB0409270CD|1DFB8B07-F776-4A7A-9042-A1B6E0C3A970|10000|BANK|43D078FA-4AA8-4844-871|1|1|2016
C46259EC-7638-42E6-8BE2-8B8CF0867C2D|E3CDC578-37BA-4CDB-B150-DAB0409270CD|EA790CE4-0C54-4EEC-A6FA-F299E60517F5|1000|CASH|43D078FA-4AA8-4844-870|1|1|2016
FA4DA510-E88D-4154-BC8E-5DE197D17761|E3CDC578-37BA-4CDB-B150-DAB0409270CD|12050094-A227-4531-BC57-F990E4285943|2000|MPESA|43D078FA-4AA8-4844-869|1|1|2016
8FF7211E-8B23-46FC-A40C-1A404947151C|E3CDC578-37BA-4CDB-B150-DAB0409270CD|9323CB91-A36D-460C-B5D0-2F440977CA44|3000|BANK|43D078FA-4AA8-4844-868|1|1|2016
C723E972-9321-4F92-A40F-732C1C0878F0|E3CDC578-37BA-4CDB-B150-DAB0409270CD|0AF1C702-24AB-4024-B173-24C470078433|4000|CASH|43D078FA-4AA8-4844-867|1|1|2016
653F54BB-F0C6-482C-850D-054C4649C6EF|E3CDC578-37BA-4CDB-B150-DAB0409270CD|D3AAD922-38D5-46D1-A331-1BF46D629479|5000|MPESA|43D078FA-4AA8-4844-866|1|1|2016
10C6926C-6104-428D-BEFF-7F14E1644DDF|E3CDC578-37BA-4CDB-B150-DAB0409270CD|4B55AA3A-1B40-431F-8658-2F2367F2AE8F|6000|BANK|43D078FA-4AA8-4844-865|1|1|2016
72D0F63D-2E1F-4485-A123-6501349D4124|E3CDC578-37BA-4CDB-B150-DAB0409270CD|81F2CC53-D7D2-44FC-922D-980D7DC11F37|7000|CASH|43D078FA-4AA8-4844-864|1|1|2016
0D470640-FC64-46A0-8746-23D09EEFC9C4|E3CDC578-37BA-4CDB-B150-DAB0409270CD|3EB16048-5FE7-4FDB-952D-C156C395534C|8000|MPESA|43D078FA-4AA8-4844-863|1|1|2016
8E1ECCAD-C9EA-458D-84E1-2DD9960EEC80|E3CDC578-37BA-4CDB-B150-DAB0409270CD|8D0E34C2-E477-4CB8-8FBF-4D94EC4B043E|9000|BANK|43D078FA-4AA8-4844-862|1|1|2016
E5BE5D22-7E19-4F74-BEA9-0D98807E6D94|E3CDC578-37BA-4CDB-B150-DAB0409270CD|E2F64CC7-D0E4-421E-9FF4-3453624BE455|10000|CASH|43D078FA-4AA8-4844-861|1|1|2016
E5BE5D22-7E19-4F74-BEA9-0D98807E6D95|E3CDC578-37BA-4CDB-B150-DAB0409270CD|4F218688-6DE5-4E69-8690-66FBA2F0DC9F|1000|MPESA|43D078FA-4AA8-4844-9919|1|1|2016
E5BE5D22-7E19-4F74-BEA9-0D98807E6D96|E3CDC578-37BA-4CDB-B150-DAB0409270CD|A195BAF6-D6E7-43A5-B7C9-D6C627A42815|2000|BANK|43D078FA-4AA8-4844-9918|1|1|2016
E5BE5D22-7E19-4F74-BEA9-0D98807E6D97|E3CDC578-37BA-4CDB-B150-DAB0409270CD|8A1B5BDB-9589-4207-8345-A811FC18B2C9|3000|CASH|43D078FA-4AA8-4844-9917|1|1|2016
E5BE5D22-7E19-4F74-BEA9-0D98807E6D98|E3CDC578-37BA-4CDB-B150-DAB0409270CD|AEED7469-F7AF-41E6-B24C-13B1D74E1026|4000|MPESA|43D078FA-4AA8-4844-9916|1|1|2016
E5BE5D22-7E19-4F74-BEA9-0D98807E6D99|E3CDC578-37BA-4CDB-B150-DAB0409270CD|CF64EBB2-BCC2-4EAA-B1C8-060EEE3284F3|5000|BANK|43D078FA-4AA8-4844-9915|1|1|2016
E5BE5D22-7E19-4F74-BEA9-0D98807E6D100|E3CDC578-37BA-4CDB-B150-DAB0409270CD|7BF6983F-CF8D-4897-8122-7CCD0F778CAF|6000|CASH|43D078FA-4AA8-4844-9914|1|1|2016
E5BE5D22-7E19-4F74-BEA9-0D98807E6D101|E3CDC578-37BA-4CDB-B150-DAB0409270CD|87D0EA99-7042-4867-A4B7-C31E7665DE5E|7000|MPESA|43D078FA-4AA8-4844-9913|1|1|2016
E5BE5D22-7E19-4F74-BEA9-0D98807E6D102|E3CDC578-37BA-4CDB-B150-DAB0409270CD|6912F4C6-9370-440A-BA87-11A8426BA92C|8000|BANK|43D078FA-4AA8-4844-9912|1|1|2016
E5BE5D22-7E19-4F74-BEA9-0D98807E6D103|E3CDC578-37BA-4CDB-B150-DAB0409270CD|91318D8C-8150-49B4-A473-CF97F104F6B7|9000|CASH|43D078FA-4AA8-4844-9911|1|1|2016
E5BE5D22-7E19-4F74-BEA9-0D98807E6D104|E3CDC578-37BA-4CDB-B150-DAB0409270CD|4F218688-6DE5-4E69-8690-66FBA2F0DC9F|10000|MPESA|43D078FA-4AA8-4844-9910|1|1|2016
E5BE5D22-7E19-4F74-BEA9-0D98807E6D105|E3CDC578-37BA-4CDB-B150-DAB0409270CD|A195BAF6-D6E7-43A5-B7C9-D6C627A42815|100|BANK|43D078FA-4AA8-4844-9909|1|1|2016
E5BE5D22-7E19-4F74-BEA9-0D98807E6D106|E3CDC578-37BA-4CDB-B150-DAB0409270CD|8A1B5BDB-9589-4207-8345-A811FC18B2C9|150|CASH|43D078FA-4AA8-4844-9908|1|1|2016
E5BE5D22-7E19-4F74-BEA9-0D98807E6D107|E3CDC578-37BA-4CDB-B150-DAB0409270CD|AEED7469-F7AF-41E6-B24C-13B1D74E1026|200|MPESA|43D078FA-4AA8-4844-9907|1|1|2016
E5BE5D22-7E19-4F74-BEA9-0D98807E6D108|E3CDC578-37BA-4CDB-B150-DAB0409270CD|CF64EBB2-BCC2-4EAA-B1C8-060EEE3284F3|250|BANK|43D078FA-4AA8-4844-9906|1|1|2016
E5BE5D22-7E19-4F74-BEA9-0D98807E6D109|E3CDC578-37BA-4CDB-B150-DAB0409270CD|7BF6983F-CF8D-4897-8122-7CCD0F778CAF|300|CASH|43D078FA-4AA8-4844-9905|1|1|2016
E5BE5D22-7E19-4F74-BEA9-0D98807E6D110|E3CDC578-37BA-4CDB-B150-DAB0409270CD|87D0EA99-7042-4867-A4B7-C31E7665DE5E|350|MPESA|43D078FA-4AA8-4844-9904|1|1|2016
E5BE5D22-7E19-4F74-BEA9-0D98807E6D111|E3CDC578-37BA-4CDB-B150-DAB0409270CD|6912F4C6-9370-440A-BA87-11A8426BA92C|400|BANK|43D078FA-4AA8-4844-9903|1|1|2016
E5BE5D22-7E19-4F74-BEA9-0D98807E6D112|E3CDC578-37BA-4CDB-B150-DAB0409270CD|91318D8C-8150-49B4-A473-CF97F104F6B7|450|CASH|43D078FA-4AA8-4844-9902|1|1|2016
E5BE5D22-7E19-4F74-BEA9-0D98807E6D113|E3CDC578-37BA-4CDB-B150-DAB0409270CD|DD9AF1EF-EEEC-49D3-A43F-802D7028BFD7|500|MPESA|43D078FA-4AA8-4844-9901|1|1|2016
E5BE5D22-7E19-4F74-BEA9-0D98807E6D114|E3CDC578-37BA-4CDB-B150-DAB0409270CD|4F218688-6DE5-4E69-8690-66FBA2F0DC9F|550|BANK|43D078FA-4AA8-4844-9900|1|1|2016
E5BE5D22-7E19-4F74-BEA9-0D98807E6D115|E3CDC578-37BA-4CDB-B150-DAB0409270CD|A195BAF6-D6E7-43A5-B7C9-D6C627A42815|600|CASH|43D078FA-4AA8-4844-9899|1|1|2016
E5BE5D22-7E19-4F74-BEA9-0D98807E6D116|E3CDC578-37BA-4CDB-B150-DAB0409270CD|8A1B5BDB-9589-4207-8345-A811FC18B2C9|650|MPESA|43D078FA-4AA8-4844-9898|1|1|2016
E5BE5D22-7E19-4F74-BEA9-0D98807E6D117|E3CDC578-37BA-4CDB-B150-DAB0409270CD|AEED7469-F7AF-41E6-B24C-13B1D74E1026|700|BANK|43D078FA-4AA8-4844-9897|1|1|2016
E5BE5D22-7E19-4F74-BEA9-0D98807E6D118|E3CDC578-37BA-4CDB-B150-DAB0409270CD|CF64EBB2-BCC2-4EAA-B1C8-060EEE3284F3|750|CASH|43D078FA-4AA8-4844-9896|1|1|2016
E5BE5D22-7E19-4F74-BEA9-0D98807E6D119|E3CDC578-37BA-4CDB-B150-DAB0409270CD|7BF6983F-CF8D-4897-8122-7CCD0F778CAF|800|MPESA|43D078FA-4AA8-4844-9895|1|1|2016
E5BE5D22-7E19-4F74-BEA9-0D98807E6D120|E3CDC578-37BA-4CDB-B150-DAB0409270CD|87D0EA99-7042-4867-A4B7-C31E7665DE5E|850|BANK|43D078FA-4AA8-4844-9894|1|1|2016
E5BE5D22-7E19-4F74-BEA9-0D98807E6D121|E3CDC578-37BA-4CDB-B150-DAB0409270CD|6912F4C6-9370-440A-BA87-11A8426BA92C|900|CASH|43D078FA-4AA8-4844-9893|1|1|2016
E5BE5D22-7E19-4F74-BEA9-0D98807E6D122|E3CDC578-37BA-4CDB-B150-DAB0409270CD|91318D8C-8150-49B4-A473-CF97F104F6B7|950|MPESA|43D078FA-4AA8-4844-9892|1|1|2016
E5BE5D22-7E19-4F74-BEA9-0D98807E6D123|E3CDC578-37BA-4CDB-B150-DAB0409270CD|DD9AF1EF-EEEC-49D3-A43F-802D7028BFD7|1000|BANK|43D078FA-4AA8-4844-9891|1|1|2016
E5BE5D22-7E19-4F74-BEA9-0D98807E6D124|E3CDC578-37BA-4CDB-B150-DAB0409270CD|4F218688-6DE5-4E69-8690-66FBA2F0DC9F|1050|CASH|43D078FA-4AA8-4844-9890|1|1|2016
E5BE5D22-7E19-4F74-BEA9-0D98807E6D125|E3CDC578-37BA-4CDB-B150-DAB0409270CD|A195BAF6-D6E7-43A5-B7C9-D6C627A42815|1100|MPESA|43D078FA-4AA8-4844-9889|1|1|2016
E5BE5D22-7E19-4F74-BEA9-0D98807E6D126|E3CDC578-37BA-4CDB-B150-DAB0409270CD|8A1B5BDB-9589-4207-8345-A811FC18B2C9|1150|BANK|43D078FA-4AA8-4844-9888|1|1|2016
E5BE5D22-7E19-4F74-BEA9-0D98807E6D127|E3CDC578-37BA-4CDB-B150-DAB0409270CD|AEED7469-F7AF-41E6-B24C-13B1D74E1026|1200|CASH|43D078FA-4AA8-4844-9887|1|1|2016
E5BE5D22-7E19-4F74-BEA9-0D98807E6D128|E3CDC578-37BA-4CDB-B150-DAB0409270CD|CF64EBB2-BCC2-4EAA-B1C8-060EEE3284F3|1250|MPESA|43D078FA-4AA8-4844-9886|1|1|2016
E5BE5D22-7E19-4F74-BEA9-0D98807E6D129|E3CDC578-37BA-4CDB-B150-DAB0409270CD|7BF6983F-CF8D-4897-8122-7CCD0F778CAF|1300|BANK|43D078FA-4AA8-4844-9885|1|1|2016
E5BE5D22-7E19-4F74-BEA9-0D98807E6D130|E3CDC578-37BA-4CDB-B150-DAB0409270CD|87D0EA99-7042-4867-A4B7-C31E7665DE5E|1350|CASH|43D078FA-4AA8-4844-9884|1|1|2016
E5BE5D22-7E19-4F74-BEA9-0D98807E6D131|E3CDC578-37BA-4CDB-B150-DAB0409270CD|6912F4C6-9370-440A-BA87-11A8426BA92C|1400|MPESA|43D078FA-4AA8-4844-9883|1|1|2016
E5BE5D22-7E19-4F74-BEA9-0D98807E6D132|E3CDC578-37BA-4CDB-B150-DAB0409270CD|91318D8C-8150-49B4-A473-CF97F104F6B7|1450|BANK|43D078FA-4AA8-4844-9882|1|1|2016
E5BE5D22-7E19-4F74-BEA9-0D98807E6D133|E3CDC578-37BA-4CDB-B150-DAB0409270CD|DD9AF1EF-EEEC-49D3-A43F-802D7028BFD7|1500|CASH|43D078FA-4AA8-4844-9881|1|1|2016
E5BE5D22-7E19-4F74-BEA9-0D98807E6D134|E3CDC578-37BA-4CDB-B150-DAB0409270CD|4F218688-6DE5-4E69-8690-66FBA2F0DC9F|1550|MPESA|43D078FA-4AA8-4844-9880|1|1|2016
E5BE5D22-7E19-4F74-BEA9-0D98807E6D135|E3CDC578-37BA-4CDB-B150-DAB0409270CD|A195BAF6-D6E7-43A5-B7C9-D6C627A42815|1600|BANK|43D078FA-4AA8-4844-9879|1|1|2016
E5BE5D22-7E19-4F74-BEA9-0D98807E6D136|E3CDC578-37BA-4CDB-B150-DAB0409270CD|8A1B5BDB-9589-4207-8345-A811FC18B2C9|1650|CASH|43D078FA-4AA8-4844-9878|1|1|2016
E5BE5D22-7E19-4F74-BEA9-0D98807E6D137|E3CDC578-37BA-4CDB-B150-DAB0409270CD|AEED7469-F7AF-41E6-B24C-13B1D74E1026|1700|MPESA|43D078FA-4AA8-4844-9877|1|1|2016
E5BE5D22-7E19-4F74-BEA9-0D98807E6D138|E3CDC578-37BA-4CDB-B150-DAB0409270CD|CF64EBB2-BCC2-4EAA-B1C8-060EEE3284F3|1750|BANK|43D078FA-4AA8-4844-9876|1|1|2016
E5BE5D22-7E19-4F74-BEA9-0D98807E6D139|E3CDC578-37BA-4CDB-B150-DAB0409270CD|7BF6983F-CF8D-4897-8122-7CCD0F778CAF|1800|CASH|43D078FA-4AA8-4844-9875|1|1|2016
E5BE5D22-7E19-4F74-BEA9-0D98807E6D140|E3CDC578-37BA-4CDB-B150-DAB0409270CD|87D0EA99-7042-4867-A4B7-C31E7665DE5E|1850|MPESA|43D078FA-4AA8-4844-9874|1|1|2016
E5BE5D22-7E19-4F74-BEA9-0D98807E6D141|E3CDC578-37BA-4CDB-B150-DAB0409270CD|6912F4C6-9370-440A-BA87-11A8426BA92C|1900|BANK|43D078FA-4AA8-4844-9873|1|1|2016
E5BE5D22-7E19-4F74-BEA9-0D98807E6D142|E3CDC578-37BA-4CDB-B150-DAB0409270CD|91318D8C-8150-49B4-A473-CF97F104F6B7|1950|CASH|43D078FA-4AA8-4844-9872|1|1|2016
E5BE5D22-7E19-4F74-BEA9-0D98807E6D143|E3CDC578-37BA-4CDB-B150-DAB0409270CD|DD9AF1EF-EEEC-49D3-A43F-802D7028BFD7|2000|MPESA|43D078FA-4AA8-4844-9871|1|1|2016
E5BE5D22-7E19-4F74-BEA9-0D98807E6D144|E3CDC578-37BA-4CDB-B150-DAB0409270CD|4F218688-6DE5-4E69-8690-66FBA2F0DC9F|2050|BANK|43D078FA-4AA8-4844-9870|1|1|2016
E5BE5D22-7E19-4F74-BEA9-0D98807E6D145|E3CDC578-37BA-4CDB-B150-DAB0409270CD|A195BAF6-D6E7-43A5-B7C9-D6C627A42815|2100|CASH|43D078FA-4AA8-4844-9869|1|1|2016
E5BE5D22-7E19-4F74-BEA9-0D98807E6D146|E3CDC578-37BA-4CDB-B150-DAB0409270CD|8A1B5BDB-9589-4207-8345-A811FC18B2C9|2150|MPESA|43D078FA-4AA8-4844-9868|1|1|2016
E5BE5D22-7E19-4F74-BEA9-0D98807E6D147|E3CDC578-37BA-4CDB-B150-DAB0409270CD|AEED7469-F7AF-41E6-B24C-13B1D74E1026|2200|BANK|43D078FA-4AA8-4844-9867|1|1|2016
E5BE5D22-7E19-4F74-BEA9-0D98807E6D148|E3CDC578-37BA-4CDB-B150-DAB0409270CD|CF64EBB2-BCC2-4EAA-B1C8-060EEE3284F3|2250|CASH|43D078FA-4AA8-4844-9866|1|1|2016
E5BE5D22-7E19-4F74-BEA9-0D98807E6D149|E3CDC578-37BA-4CDB-B150-DAB0409270CD|7BF6983F-CF8D-4897-8122-7CCD0F778CAF|2300|MPESA|43D078FA-4AA8-4844-9865|1|1|2016
E5BE5D22-7E19-4F74-BEA9-0D98807E6D150|E3CDC578-37BA-4CDB-B150-DAB0409270CD|87D0EA99-7042-4867-A4B7-C31E7665DE5E|2350|BANK|43D078FA-4AA8-4844-9864|1|1|2016
E5BE5D22-7E19-4F74-BEA9-0D98807E6D151|E3CDC578-37BA-4CDB-B150-DAB0409270CD|6912F4C6-9370-440A-BA87-11A8426BA92C|2400|CASH|43D078FA-4AA8-4844-9863|1|1|2016
E5BE5D22-7E19-4F74-BEA9-0D98807E6D152|E3CDC578-37BA-4CDB-B150-DAB0409270CD|91318D8C-8150-49B4-A473-CF97F104F6B7|2450|MPESA|43D078FA-4AA8-4844-9862|1|1|2016
E5BE5D22-7E19-4F74-BEA9-0D98807E6D153|E3CDC578-37BA-4CDB-B150-DAB0409270CD|DD9AF1EF-EEEC-49D3-A43F-802D7028BFD7|2500|BANK|43D078FA-4AA8-4844-9861|1|1|2016
E5BE5D22-7E19-4F74-BEA9-0D98807E6D154|E3CDC578-37BA-4CDB-B150-DAB0409270CD|4F218688-6DE5-4E69-8690-66FBA2F0DC9F|2550|CASH|43D078FA-4AA8-4844-9860|1|1|2016
E5BE5D22-7E19-4F74-BEA9-0D98807E6D155|E3CDC578-37BA-4CDB-B150-DAB0409270CD|A195BAF6-D6E7-43A5-B7C9-D6C627A42815|2600|MPESA|43D078FA-4AA8-4844-9859|1|1|2016
E5BE5D22-7E19-4F74-BEA9-0D98807E6D156|E3CDC578-37BA-4CDB-B150-DAB0409270CD|8A1B5BDB-9589-4207-8345-A811FC18B2C9|2650|BANK|43D078FA-4AA8-4844-9858|1|1|2016
E5BE5D22-7E19-4F74-BEA9-0D98807E6D157|E3CDC578-37BA-4CDB-B150-DAB0409270CD|AEED7469-F7AF-41E6-B24C-13B1D74E1026|2700|CASH|43D078FA-4AA8-4844-9857|1|1|2016
E5BE5D22-7E19-4F74-BEA9-0D98807E6D158|E3CDC578-37BA-4CDB-B150-DAB0409270CD|CF64EBB2-BCC2-4EAA-B1C8-060EEE3284F3|2750|MPESA|43D078FA-4AA8-4844-9856|1|1|2016
E5BE5D22-7E19-4F74-BEA9-0D98807E6D159|E3CDC578-37BA-4CDB-B150-DAB0409270CD|7BF6983F-CF8D-4897-8122-7CCD0F778CAF|2800|BANK|43D078FA-4AA8-4844-9855|1|1|2016
E5BE5D22-7E19-4F74-BEA9-0D98807E6D160|E3CDC578-37BA-4CDB-B150-DAB0409270CD|87D0EA99-7042-4867-A4B7-C31E7665DE5E|2850|CASH|43D078FA-4AA8-4844-9854|1|1|2016
E5BE5D22-7E19-4F74-BEA9-0D98807E6D161|E3CDC578-37BA-4CDB-B150-DAB0409270CD|6912F4C6-9370-440A-BA87-11A8426BA92C|2900|MPESA|43D078FA-4AA8-4844-9853|1|1|2016
E5BE5D22-7E19-4F74-BEA9-0D98807E6D162|E3CDC578-37BA-4CDB-B150-DAB0409270CD|91318D8C-8150-49B4-A473-CF97F104F6B7|2950|BANK|43D078FA-4AA8-4844-9852|1|1|2016
E5BE5D22-7E19-4F74-BEA9-0D98807E6D163|E3CDC578-37BA-4CDB-B150-DAB0409270CD|DD9AF1EF-EEEC-49D3-A43F-802D7028BFD7|3000|CASH|43D078FA-4AA8-4844-9851|1|1|2016
E5BE5D22-7E19-4F74-BEA9-0D98807E6D164|E3CDC578-37BA-4CDB-B150-DAB0409270CD|4F218688-6DE5-4E69-8690-66FBA2F0DC9F|3050|MPESA|43D078FA-4AA8-4844-9850|1|1|2016
E5BE5D22-7E19-4F74-BEA9-0D98807E6D165|E3CDC578-37BA-4CDB-B150-DAB0409270CD|A195BAF6-D6E7-43A5-B7C9-D6C627A42815|3100|BANK|43D078FA-4AA8-4844-9849|1|1|2016
E5BE5D22-7E19-4F74-BEA9-0D98807E6D166|E3CDC578-37BA-4CDB-B150-DAB0409270CD|8A1B5BDB-9589-4207-8345-A811FC18B2C9|3150|CASH|43D078FA-4AA8-4844-9848|1|1|2016
E5BE5D22-7E19-4F74-BEA9-0D98807E6D167|E3CDC578-37BA-4CDB-B150-DAB0409270CD|AEED7469-F7AF-41E6-B24C-13B1D74E1026|3200|MPESA|43D078FA-4AA8-4844-9847|1|1|2016
E5BE5D22-7E19-4F74-BEA9-0D98807E6D168|E3CDC578-37BA-4CDB-B150-DAB0409270CD|CF64EBB2-BCC2-4EAA-B1C8-060EEE3284F3|3250|BANK|43D078FA-4AA8-4844-9846|1|1|2016
E5BE5D22-7E19-4F74-BEA9-0D98807E6D169|E3CDC578-37BA-4CDB-B150-DAB0409270CD|7BF6983F-CF8D-4897-8122-7CCD0F778CAF|3300|CASH|43D078FA-4AA8-4844-9845|1|1|2016
E5BE5D22-7E19-4F74-BEA9-0D98807E6D170|E3CDC578-37BA-4CDB-B150-DAB0409270CD|87D0EA99-7042-4867-A4B7-C31E7665DE5E|3350|MPESA|43D078FA-4AA8-4844-9844|1|1|2016
E5BE5D22-7E19-4F74-BEA9-0D98807E6D171|E3CDC578-37BA-4CDB-B150-DAB0409270CD|6912F4C6-9370-440A-BA87-11A8426BA92C|3400|BANK|43D078FA-4AA8-4844-9843|1|1|2016
E5BE5D22-7E19-4F74-BEA9-0D98807E6D172|E3CDC578-37BA-4CDB-B150-DAB0409270CD|91318D8C-8150-49B4-A473-CF97F104F6B7|3450|CASH|43D078FA-4AA8-4844-9842|1|1|2016
E5BE5D22-7E19-4F74-BEA9-0D98807E6D173|E3CDC578-37BA-4CDB-B150-DAB0409270CD|DD9AF1EF-EEEC-49D3-A43F-802D7028BFD7|3500|MPESA|43D078FA-4AA8-4844-9841|1|1|2016
E5BE5D22-7E19-4F74-BEA9-0D98807E6D174|E3CDC578-37BA-4CDB-B150-DAB0409270CD|4F218688-6DE5-4E69-8690-66FBA2F0DC9F|3550|BANK|43D078FA-4AA8-4844-9840|1|1|2016
E5BE5D22-7E19-4F74-BEA9-0D98807E6D175|E3CDC578-37BA-4CDB-B150-DAB0409270CD|A195BAF6-D6E7-43A5-B7C9-D6C627A42815|3600|CASH|43D078FA-4AA8-4844-9839|1|1|2016
E5BE5D22-7E19-4F74-BEA9-0D98807E6D176|E3CDC578-37BA-4CDB-B150-DAB0409270CD|8A1B5BDB-9589-4207-8345-A811FC18B2C9|3650|MPESA|43D078FA-4AA8-4844-9838|1|1|2016
E5BE5D22-7E19-4F74-BEA9-0D98807E6D177|E3CDC578-37BA-4CDB-B150-DAB0409270CD|AEED7469-F7AF-41E6-B24C-13B1D74E1026|3700|BANK|43D078FA-4AA8-4844-9837|1|1|2016
E5BE5D22-7E19-4F74-BEA9-0D98807E6D178|E3CDC578-37BA-4CDB-B150-DAB0409270CD|CF64EBB2-BCC2-4EAA-B1C8-060EEE3284F3|3750|CASH|43D078FA-4AA8-4844-9836|1|1|2016
E5BE5D22-7E19-4F74-BEA9-0D98807E6D179|E3CDC578-37BA-4CDB-B150-DAB0409270CD|7BF6983F-CF8D-4897-8122-7CCD0F778CAF|3800|MPESA|43D078FA-4AA8-4844-9835|1|1|2016
E5BE5D22-7E19-4F74-BEA9-0D98807E6D180|E3CDC578-37BA-4CDB-B150-DAB0409270CD|87D0EA99-7042-4867-A4B7-C31E7665DE5E|3850|BANK|43D078FA-4AA8-4844-9834|1|1|2016
E5BE5D22-7E19-4F74-BEA9-0D98807E6D181|E3CDC578-37BA-4CDB-B150-DAB0409270CD|6912F4C6-9370-440A-BA87-11A8426BA92C|3900|CASH|43D078FA-4AA8-4844-9833|1|1|2016
E5BE5D22-7E19-4F74-BEA9-0D98807E6D182|E3CDC578-37BA-4CDB-B150-DAB0409270CD|91318D8C-8150-49B4-A473-CF97F104F6B7|3950|MPESA|43D078FA-4AA8-4844-9832|1|1|2016
E5BE5D22-7E19-4F74-BEA9-0D98807E6D183|E3CDC578-37BA-4CDB-B150-DAB0409270CD|DD9AF1EF-EEEC-49D3-A43F-802D7028BFD7|4000|BANK|43D078FA-4AA8-4844-9831|1|1|2016
E5BE5D22-7E19-4F74-BEA9-0D98807E6D184|E3CDC578-37BA-4CDB-B150-DAB0409270CD|4F218688-6DE5-4E69-8690-66FBA2F0DC9F|4050|CASH|43D078FA-4AA8-4844-9830|1|1|2016
E5BE5D22-7E19-4F74-BEA9-0D98807E6D185|E3CDC578-37BA-4CDB-B150-DAB0409270CD|A195BAF6-D6E7-43A5-B7C9-D6C627A42815|4100|MPESA|43D078FA-4AA8-4844-9829|1|1|2016
E5BE5D22-7E19-4F74-BEA9-0D98807E6D186|E3CDC578-37BA-4CDB-B150-DAB0409270CD|8A1B5BDB-9589-4207-8345-A811FC18B2C9|4150|BANK|43D078FA-4AA8-4844-9828|1|1|2016
E5BE5D22-7E19-4F74-BEA9-0D98807E6D187|E3CDC578-37BA-4CDB-B150-DAB0409270CD|AEED7469-F7AF-41E6-B24C-13B1D74E1026|4200|CASH|43D078FA-4AA8-4844-9827|1|1|2016
E5BE5D22-7E19-4F74-BEA9-0D98807E6D188|E3CDC578-37BA-4CDB-B150-DAB0409270CD|CF64EBB2-BCC2-4EAA-B1C8-060EEE3284F3|4250|MPESA|43D078FA-4AA8-4844-9826|1|1|2016
E5BE5D22-7E19-4F74-BEA9-0D98807E6D189|E3CDC578-37BA-4CDB-B150-DAB0409270CD|7BF6983F-CF8D-4897-8122-7CCD0F778CAF|4300|BANK|43D078FA-4AA8-4844-9825|1|1|2016
E5BE5D22-7E19-4F74-BEA9-0D98807E6D190|E3CDC578-37BA-4CDB-B150-DAB0409270CD|87D0EA99-7042-4867-A4B7-C31E7665DE5E|4350|CASH|43D078FA-4AA8-4844-9824|1|1|2016
E5BE5D22-7E19-4F74-BEA9-0D98807E6D191|E3CDC578-37BA-4CDB-B150-DAB0409270CD|6912F4C6-9370-440A-BA87-11A8426BA92C|4400|MPESA|43D078FA-4AA8-4844-9823|1|1|2016
E5BE5D22-7E19-4F74-BEA9-0D98807E6D192|E3CDC578-37BA-4CDB-B150-DAB0409270CD|91318D8C-8150-49B4-A473-CF97F104F6B7|4450|BANK|43D078FA-4AA8-4844-9822|1|1|2016
E5BE5D22-7E19-4F74-BEA9-0D98807E6D193|E3CDC578-37BA-4CDB-B150-DAB0409270CD|DD9AF1EF-EEEC-49D3-A43F-802D7028BFD7|4500|CASH|43D078FA-4AA8-4844-9821|1|1|2016
E5BE5D22-7E19-4F74-BEA9-0D98807E6D194|E3CDC578-37BA-4CDB-B150-DAB0409270CD|4F218688-6DE5-4E69-8690-66FBA2F0DC9F|4550|MPESA|43D078FA-4AA8-4844-9820|1|1|2016
E5BE5D22-7E19-4F74-BEA9-0D98807E6D195|E3CDC578-37BA-4CDB-B150-DAB0409270CD|A195BAF6-D6E7-43A5-B7C9-D6C627A42815|4600|BANK|43D078FA-4AA8-4844-9819|1|1|2016
E5BE5D22-7E19-4F74-BEA9-0D98807E6D196|E3CDC578-37BA-4CDB-B150-DAB0409270CD|8A1B5BDB-9589-4207-8345-A811FC18B2C9|4650|CASH|43D078FA-4AA8-4844-9818|1|1|2016
E5BE5D22-7E19-4F74-BEA9-0D98807E6D197|E3CDC578-37BA-4CDB-B150-DAB0409270CD|AEED7469-F7AF-41E6-B24C-13B1D74E1026|4700|MPESA|43D078FA-4AA8-4844-9817|1|1|2016
E5BE5D22-7E19-4F74-BEA9-0D98807E6D198|E3CDC578-37BA-4CDB-B150-DAB0409270CD|CF64EBB2-BCC2-4EAA-B1C8-060EEE3284F3|4750|BANK|43D078FA-4AA8-4844-9816|1|1|2016
E5BE5D22-7E19-4F74-BEA9-0D98807E6D199|E3CDC578-37BA-4CDB-B150-DAB0409270CD|7BF6983F-CF8D-4897-8122-7CCD0F778CAF|4800|CASH|43D078FA-4AA8-4844-9815|1|1|2016
E5BE5D22-7E19-4F74-BEA9-0D98807E6D200|E3CDC578-37BA-4CDB-B150-DAB0409270CD|87D0EA99-7042-4867-A4B7-C31E7665DE5E|4850|MPESA|43D078FA-4AA8-4844-9814|1|1|2016
E5BE5D22-7E19-4F74-BEA9-0D98807E6D201|E3CDC578-37BA-4CDB-B150-DAB0409270CD|6912F4C6-9370-440A-BA87-11A8426BA92C|4900|BANK|43D078FA-4AA8-4844-9813|1|1|2016
E5BE5D22-7E19-4F74-BEA9-0D98807E6D202|E3CDC578-37BA-4CDB-B150-DAB0409270CD|91318D8C-8150-49B4-A473-CF97F104F6B7|4950|CASH|43D078FA-4AA8-4844-9812|1|1|2016
E5BE5D22-7E19-4F74-BEA9-0D98807E6D203|E3CDC578-37BA-4CDB-B150-DAB0409270CD|DD9AF1EF-EEEC-49D3-A43F-802D7028BFD7|5000|MPESA|43D078FA-4AA8-4844-9811|1|1|2016
E5BE5D22-7E19-4F74-BEA9-0D98807E6D204|E3CDC578-37BA-4CDB-B150-DAB0409270CD|4F218688-6DE5-4E69-8690-66FBA2F0DC9F|5050|BANK|43D078FA-4AA8-4844-9810|1|1|2016
E5BE5D22-7E19-4F74-BEA9-0D98807E6D205|E3CDC578-37BA-4CDB-B150-DAB0409270CD|A195BAF6-D6E7-43A5-B7C9-D6C627A42815|5100|CASH|43D078FA-4AA8-4844-9809|1|1|2016
E5BE5D22-7E19-4F74-BEA9-0D98807E6D206|E3CDC578-37BA-4CDB-B150-DAB0409270CD|8A1B5BDB-9589-4207-8345-A811FC18B2C9|5150|MPESA|43D078FA-4AA8-4844-9808|1|1|2016
E5BE5D22-7E19-4F74-BEA9-0D98807E6D207|E3CDC578-37BA-4CDB-B150-DAB0409270CD|AEED7469-F7AF-41E6-B24C-13B1D74E1026|5200|BANK|43D078FA-4AA8-4844-9807|1|1|2016
E5BE5D22-7E19-4F74-BEA9-0D98807E6D208|E3CDC578-37BA-4CDB-B150-DAB0409270CD|CF64EBB2-BCC2-4EAA-B1C8-060EEE3284F3|5250|CASH|43D078FA-4AA8-4844-9806|1|1|2016
E5BE5D22-7E19-4F74-BEA9-0D98807E6D209|E3CDC578-37BA-4CDB-B150-DAB0409270CD|7BF6983F-CF8D-4897-8122-7CCD0F778CAF|5300|MPESA|43D078FA-4AA8-4844-9805|1|1|2016
E5BE5D22-7E19-4F74-BEA9-0D98807E6D210|E3CDC578-37BA-4CDB-B150-DAB0409270CD|87D0EA99-7042-4867-A4B7-C31E7665DE5E|5350|BANK|43D078FA-4AA8-4844-9804|1|1|2016
E5BE5D22-7E19-4F74-BEA9-0D98807E6D211|E3CDC578-37BA-4CDB-B150-DAB0409270CD|6912F4C6-9370-440A-BA87-11A8426BA92C|5400|CASH|43D078FA-4AA8-4844-9803|1|1|2016
E5BE5D22-7E19-4F74-BEA9-0D98807E6D212|E3CDC578-37BA-4CDB-B150-DAB0409270CD|91318D8C-8150-49B4-A473-CF97F104F6B7|5450|MPESA|43D078FA-4AA8-4844-9802|1|1|2016
E5BE5D22-7E19-4F74-BEA9-0D98807E6D213|E3CDC578-37BA-4CDB-B150-DAB0409270CD|DD9AF1EF-EEEC-49D3-A43F-802D7028BFD7|5500|BANK|43D078FA-4AA8-4844-9801|1|1|2016
E5BE5D22-7E19-4F74-BEA9-0D98807E6D214|E3CDC578-37BA-4CDB-B150-DAB0409270CD|4F218688-6DE5-4E69-8690-66FBA2F0DC9F|5550|CASH|43D078FA-4AA8-4844-9800|1|1|2016
E5BE5D22-7E19-4F74-BEA9-0D98807E6D215|E3CDC578-37BA-4CDB-B150-DAB0409270CD|A195BAF6-D6E7-43A5-B7C9-D6C627A42815|5600|MPESA|43D078FA-4AA8-4844-9799|1|1|2016
E5BE5D22-7E19-4F74-BEA9-0D98807E6D216|E3CDC578-37BA-4CDB-B150-DAB0409270CD|8A1B5BDB-9589-4207-8345-A811FC18B2C9|5650|BANK|43D078FA-4AA8-4844-9798|1|1|2016
E5BE5D22-7E19-4F74-BEA9-0D98807E6D217|E3CDC578-37BA-4CDB-B150-DAB0409270CD|AEED7469-F7AF-41E6-B24C-13B1D74E1026|5700|CASH|43D078FA-4AA8-4844-9797|1|1|2016
E5BE5D22-7E19-4F74-BEA9-0D98807E6D218|E3CDC578-37BA-4CDB-B150-DAB0409270CD|CF64EBB2-BCC2-4EAA-B1C8-060EEE3284F3|5750|MPESA|43D078FA-4AA8-4844-9796|1|1|2016
E5BE5D22-7E19-4F74-BEA9-0D98807E6D219|E3CDC578-37BA-4CDB-B150-DAB0409270CD|7BF6983F-CF8D-4897-8122-7CCD0F778CAF|5800|BANK|43D078FA-4AA8-4844-9795|1|1|2016
E5BE5D22-7E19-4F74-BEA9-0D98807E6D220|E3CDC578-37BA-4CDB-B150-DAB0409270CD|87D0EA99-7042-4867-A4B7-C31E7665DE5E|5850|CASH|43D078FA-4AA8-4844-9794|1|1|2016
E5BE5D22-7E19-4F74-BEA9-0D98807E6D221|E3CDC578-37BA-4CDB-B150-DAB0409270CD|6912F4C6-9370-440A-BA87-11A8426BA92C|5900|MPESA|43D078FA-4AA8-4844-9793|1|1|2016
E5BE5D22-7E19-4F74-BEA9-0D98807E6D222|E3CDC578-37BA-4CDB-B150-DAB0409270CD|91318D8C-8150-49B4-A473-CF97F104F6B7|5950|BANK|43D078FA-4AA8-4844-9792|1|1|2016
E5BE5D22-7E19-4F74-BEA9-0D98807E6D223|E3CDC578-37BA-4CDB-B150-DAB0409270CD|DD9AF1EF-EEEC-49D3-A43F-802D7028BFD7|6000|CASH|43D078FA-4AA8-4844-9791|1|1|2016
E5BE5D22-7E19-4F74-BEA9-0D98807E6D224|E3CDC578-37BA-4CDB-B150-DAB0409270CD|4F218688-6DE5-4E69-8690-66FBA2F0DC9F|6050|MPESA|43D078FA-4AA8-4844-9790|1|1|2016
E5BE5D22-7E19-4F74-BEA9-0D98807E6D225|E3CDC578-37BA-4CDB-B150-DAB0409270CD|A195BAF6-D6E7-43A5-B7C9-D6C627A42815|6100|BANK|43D078FA-4AA8-4844-9789|1|1|2016
E5BE5D22-7E19-4F74-BEA9-0D98807E6D226|E3CDC578-37BA-4CDB-B150-DAB0409270CD|8A1B5BDB-9589-4207-8345-A811FC18B2C9|6150|CASH|43D078FA-4AA8-4844-9788|1|1|2016
E5BE5D22-7E19-4F74-BEA9-0D98807E6D227|E3CDC578-37BA-4CDB-B150-DAB0409270CD|AEED7469-F7AF-41E6-B24C-13B1D74E1026|6200|MPESA|43D078FA-4AA8-4844-9787|1|1|2016
E5BE5D22-7E19-4F74-BEA9-0D98807E6D228|E3CDC578-37BA-4CDB-B150-DAB0409270CD|CF64EBB2-BCC2-4EAA-B1C8-060EEE3284F3|6250|BANK|43D078FA-4AA8-4844-9786|1|1|2016
E5BE5D22-7E19-4F74-BEA9-0D98807E6D229|E3CDC578-37BA-4CDB-B150-DAB0409270CD|7BF6983F-CF8D-4897-8122-7CCD0F778CAF|6300|CASH|43D078FA-4AA8-4844-9785|1|1|2016
E5BE5D22-7E19-4F74-BEA9-0D98807E6D230|E3CDC578-37BA-4CDB-B150-DAB0409270CD|87D0EA99-7042-4867-A4B7-C31E7665DE5E|6350|MPESA|43D078FA-4AA8-4844-9784|1|1|2016
E5BE5D22-7E19-4F74-BEA9-0D98807E6D231|E3CDC578-37BA-4CDB-B150-DAB0409270CD|6912F4C6-9370-440A-BA87-11A8426BA92C|6400|BANK|43D078FA-4AA8-4844-9783|1|1|2016
E5BE5D22-7E19-4F74-BEA9-0D98807E6D232|E3CDC578-37BA-4CDB-B150-DAB0409270CD|91318D8C-8150-49B4-A473-CF97F104F6B7|6450|CASH|43D078FA-4AA8-4844-9782|1|1|2016
E5BE5D22-7E19-4F74-BEA9-0D98807E6D233|E3CDC578-37BA-4CDB-B150-DAB0409270CD|DD9AF1EF-EEEC-49D3-A43F-802D7028BFD7|6500|MPESA|43D078FA-4AA8-4844-9781|1|1|2016
E5BE5D22-7E19-4F74-BEA9-0D98807E6D234|E3CDC578-37BA-4CDB-B150-DAB0409270CD|4F218688-6DE5-4E69-8690-66FBA2F0DC9F|6550|BANK|43D078FA-4AA8-4844-9780|1|1|2016
E5BE5D22-7E19-4F74-BEA9-0D98807E6D235|E3CDC578-37BA-4CDB-B150-DAB0409270CD|A195BAF6-D6E7-43A5-B7C9-D6C627A42815|6600|CASH|43D078FA-4AA8-4844-9779|1|1|2016
E5BE5D22-7E19-4F74-BEA9-0D98807E6D236|E3CDC578-37BA-4CDB-B150-DAB0409270CD|8A1B5BDB-9589-4207-8345-A811FC18B2C9|6650|MPESA|43D078FA-4AA8-4844-9778|1|1|2016
E5BE5D22-7E19-4F74-BEA9-0D98807E6D237|E3CDC578-37BA-4CDB-B150-DAB0409270CD|AEED7469-F7AF-41E6-B24C-13B1D74E1026|6700|BANK|43D078FA-4AA8-4844-9777|1|1|2016
E5BE5D22-7E19-4F74-BEA9-0D98807E6D238|E3CDC578-37BA-4CDB-B150-DAB0409270CD|CF64EBB2-BCC2-4EAA-B1C8-060EEE3284F3|6750|CASH|43D078FA-4AA8-4844-9776|1|1|2016
E5BE5D22-7E19-4F74-BEA9-0D98807E6D239|E3CDC578-37BA-4CDB-B150-DAB0409270CD|7BF6983F-CF8D-4897-8122-7CCD0F778CAF|6800|MPESA|43D078FA-4AA8-4844-9775|1|1|2016
E5BE5D22-7E19-4F74-BEA9-0D98807E6D240|E3CDC578-37BA-4CDB-B150-DAB0409270CD|87D0EA99-7042-4867-A4B7-C31E7665DE5E|6850|BANK|43D078FA-4AA8-4844-9774|1|1|2016
E5BE5D22-7E19-4F74-BEA9-0D98807E6D241|E3CDC578-37BA-4CDB-B150-DAB0409270CD|6912F4C6-9370-440A-BA87-11A8426BA92C|6900|CASH|43D078FA-4AA8-4844-9773|1|1|2016
E5BE5D22-7E19-4F74-BEA9-0D98807E6D242|E3CDC578-37BA-4CDB-B150-DAB0409270CD|91318D8C-8150-49B4-A473-CF97F104F6B7|6950|MPESA|43D078FA-4AA8-4844-9772|1|1|2016
E5BE5D22-7E19-4F74-BEA9-0D98807E6D243|E3CDC578-37BA-4CDB-B150-DAB0409270CD|DD9AF1EF-EEEC-49D3-A43F-802D7028BFD7|7000|BANK|43D078FA-4AA8-4844-9771|1|1|2016
E5BE5D22-7E19-4F74-BEA9-0D98807E6D244|E3CDC578-37BA-4CDB-B150-DAB0409270CD|4F218688-6DE5-4E69-8690-66FBA2F0DC9F|7050|CASH|43D078FA-4AA8-4844-9770|1|1|2016
E5BE5D22-7E19-4F74-BEA9-0D98807E6D245|E3CDC578-37BA-4CDB-B150-DAB0409270CD|A195BAF6-D6E7-43A5-B7C9-D6C627A42815|7100|MPESA|43D078FA-4AA8-4844-9769|1|1|2016
E5BE5D22-7E19-4F74-BEA9-0D98807E6D246|E3CDC578-37BA-4CDB-B150-DAB0409270CD|8A1B5BDB-9589-4207-8345-A811FC18B2C9|7150|BANK|43D078FA-4AA8-4844-9768|1|1|2016
E5BE5D22-7E19-4F74-BEA9-0D98807E6D247|E3CDC578-37BA-4CDB-B150-DAB0409270CD|AEED7469-F7AF-41E6-B24C-13B1D74E1026|7200|CASH|43D078FA-4AA8-4844-9767|1|1|2016
E5BE5D22-7E19-4F74-BEA9-0D98807E6D248|E3CDC578-37BA-4CDB-B150-DAB0409270CD|CF64EBB2-BCC2-4EAA-B1C8-060EEE3284F3|7250|MPESA|43D078FA-4AA8-4844-9766|1|1|2016
E5BE5D22-7E19-4F74-BEA9-0D98807E6D249|E3CDC578-37BA-4CDB-B150-DAB0409270CD|7BF6983F-CF8D-4897-8122-7CCD0F778CAF|7300|BANK|43D078FA-4AA8-4844-9765|1|1|2016
E5BE5D22-7E19-4F74-BEA9-0D98807E6D250|E3CDC578-37BA-4CDB-B150-DAB0409270CD|87D0EA99-7042-4867-A4B7-C31E7665DE5E|7350|CASH|43D078FA-4AA8-4844-9764|1|1|2016
E5BE5D22-7E19-4F74-BEA9-0D98807E6D251|E3CDC578-37BA-4CDB-B150-DAB0409270CD|6912F4C6-9370-440A-BA87-11A8426BA92C|7400|MPESA|43D078FA-4AA8-4844-9763|1|1|2016
E5BE5D22-7E19-4F74-BEA9-0D98807E6D252|E3CDC578-37BA-4CDB-B150-DAB0409270CD|91318D8C-8150-49B4-A473-CF97F104F6B7|7450|BANK|43D078FA-4AA8-4844-9762|1|1|2016
E5BE5D22-7E19-4F74-BEA9-0D98807E6D253|E3CDC578-37BA-4CDB-B150-DAB0409270CD|DD9AF1EF-EEEC-49D3-A43F-802D7028BFD7|7500|CASH|43D078FA-4AA8-4844-9761|1|1|2016
E5BE5D22-7E19-4F74-BEA9-0D98807E6D254|E3CDC578-37BA-4CDB-B150-DAB0409270CD|4F218688-6DE5-4E69-8690-66FBA2F0DC9F|7550|MPESA|43D078FA-4AA8-4844-9760|1|1|2016
E5BE5D22-7E19-4F74-BEA9-0D98807E6D255|E3CDC578-37BA-4CDB-B150-DAB0409270CD|A195BAF6-D6E7-43A5-B7C9-D6C627A42815|7600|BANK|43D078FA-4AA8-4844-9759|1|1|2016
E5BE5D22-7E19-4F74-BEA9-0D98807E6D256|E3CDC578-37BA-4CDB-B150-DAB0409270CD|8A1B5BDB-9589-4207-8345-A811FC18B2C9|7650|CASH|43D078FA-4AA8-4844-9758|1|1|2016
E5BE5D22-7E19-4F74-BEA9-0D98807E6D257|E3CDC578-37BA-4CDB-B150-DAB0409270CD|AEED7469-F7AF-41E6-B24C-13B1D74E1026|7700|MPESA|43D078FA-4AA8-4844-9757|1|1|2016
E5BE5D22-7E19-4F74-BEA9-0D98807E6D258|E3CDC578-37BA-4CDB-B150-DAB0409270CD|CF64EBB2-BCC2-4EAA-B1C8-060EEE3284F3|7750|BANK|43D078FA-4AA8-4844-9756|1|1|2016
E5BE5D22-7E19-4F74-BEA9-0D98807E6D259|E3CDC578-37BA-4CDB-B150-DAB0409270CD|7BF6983F-CF8D-4897-8122-7CCD0F778CAF|7800|CASH|43D078FA-4AA8-4844-9755|1|1|2016
E5BE5D22-7E19-4F74-BEA9-0D98807E6D260|E3CDC578-37BA-4CDB-B150-DAB0409270CD|87D0EA99-7042-4867-A4B7-C31E7665DE5E|7850|MPESA|43D078FA-4AA8-4844-9754|1|1|2016
E5BE5D22-7E19-4F74-BEA9-0D98807E6D261|E3CDC578-37BA-4CDB-B150-DAB0409270CD|6912F4C6-9370-440A-BA87-11A8426BA92C|7900|BANK|43D078FA-4AA8-4844-9753|1|1|2016
E5BE5D22-7E19-4F74-BEA9-0D98807E6D262|E3CDC578-37BA-4CDB-B150-DAB0409270CD|91318D8C-8150-49B4-A473-CF97F104F6B7|7950|CASH|43D078FA-4AA8-4844-9752|1|1|2016
E5BE5D22-7E19-4F74-BEA9-0D98807E6D263|E3CDC578-37BA-4CDB-B150-DAB0409270CD|DD9AF1EF-EEEC-49D3-A43F-802D7028BFD7|8000|MPESA|43D078FA-4AA8-4844-9751|1|1|2016
