uuid|accountId|studentId|otherFeeId|amountPiad|payMode|termPiad|yearPaid
9981AF41-4F2D-43E7-BE85-3BE342E3DE97|E3CDC578-37BA-4CDB-B150-DAB0409270CD|4F218688-6DE5-4E69-8690-66FBA2F0DC9F|174F55F7-510B-4375-8EE3-871C700457C3|1200|BANK|1|2016
5C7F1A91-A253-4758-A435-D6A877B2BFF7|E3CDC578-37BA-4CDB-B150-DAB0409270CD|A195BAF6-D6E7-43A5-B7C9-D6C627A42815|17ACAC49-F0D3-4695-8DAD-4D75570B100D|1200|CASH|1|2016
0FE3F988-A852-4D70-AA60-4B0299E3BB2E|E3CDC578-37BA-4CDB-B150-DAB0409270CD|8A1B5BDB-9589-4207-8345-A811FC18B2C9|F93C2FBD-84C5-47A4-BF7A-73486BDD6594|2500|MPESA|1|2016
6DB8ECF2-C324-44F7-9003-D5690601D793|E3CDC578-37BA-4CDB-B150-DAB0409270CD|AEED7469-F7AF-41E6-B24C-13B1D74E1026|C53B5B26-10E7-4176-BC36-17D7F3777AAF|6000|BANK|1|2016
5C15179F-A08E-4FCD-8F9B-C2B47DE66779|E3CDC578-37BA-4CDB-B150-DAB0409270CD|4F218688-6DE5-4E69-8690-66FBA2F0DC9F|174F55F7-510B-4375-8EE3-871C700457C3|1200|CASH|1|2016
134296E7-1D73-4328-AA9C-F5A31084166F|E3CDC578-37BA-4CDB-B150-DAB0409270CD|A195BAF6-D6E7-43A5-B7C9-D6C627A42815|17ACAC49-F0D3-4695-8DAD-4D75570B100D|1200|MPESA|1|2016
4D334ABD-7841-43A5-9E45-D8159E7E8181|E3CDC578-37BA-4CDB-B150-DAB0409270CD|8A1B5BDB-9589-4207-8345-A811FC18B2C9|F93C2FBD-84C5-47A4-BF7A-73486BDD6594|2500|BANK|1|2016
A2430CE3-B846-4B53-8E52-B4FB7D7B82AD|E3CDC578-37BA-4CDB-B150-DAB0409270CD|AEED7469-F7AF-41E6-B24C-13B1D74E1026|C53B5B26-10E7-4176-BC36-17D7F3777AAF|6000|CASH|1|2016
63676FE0-F07D-45DB-BCC9-454B1088861E|E3CDC578-37BA-4CDB-B150-DAB0409270CD|4F218688-6DE5-4E69-8690-66FBA2F0DC9F|174F55F7-510B-4375-8EE3-871C700457C3|1200|MPESA|1|2016
D166C4CB-D5A3-409B-9B65-0082EDE68AFE|E3CDC578-37BA-4CDB-B150-DAB0409270CD|A195BAF6-D6E7-43A5-B7C9-D6C627A42815|17ACAC49-F0D3-4695-8DAD-4D75570B100D|1200|BANK|1|2016
71012BD8-03D1-46B3-8400-9C82D7C11EB5|E3CDC578-37BA-4CDB-B150-DAB0409270CD|8A1B5BDB-9589-4207-8345-A811FC18B2C9|F93C2FBD-84C5-47A4-BF7A-73486BDD6594|2500|BANK|1|2016
8916C3B1-016C-4EF7-B2B4-4009DD51725B|E3CDC578-37BA-4CDB-B150-DAB0409270CD|AEED7469-F7AF-41E6-B24C-13B1D74E1026|C53B5B26-10E7-4176-BC36-17D7F3777AAF|6000|CASH|1|2016
