uuid|accountId|categoryId|subjectId
45207ABB-C547-43B6-A1FD-E9359C0F8DDF|E3CDC578-37BA-4CDB-B150-DAB0409270CD|3F0330CD-47F9-42B4-B736-0E11CBB4988A|D0F7EC32-EA25-7D32-8708-2CC132446
D6C95E77-6B48-416C-AD3F-2752EB20EF23|E3CDC578-37BA-4CDB-B150-DAB0409270CD|3F0330CD-47F9-42B4-B736-0E11CBB4988A|66027e51-b1ad-4b10-8250-63af64d23323
B517BB4D-3E7F-4879-AAEB-297B43C0FD1F|E3CDC578-37BA-4CDB-B150-DAB0409270CD|B8C59DA7-1013-4879-B40A-630F0E647497|4f59580d-1a16-4669-9ed5-4b89615d6903
FB824121-1003-44AF-B283-F163A5FC5E8F|E3CDC578-37BA-4CDB-B150-DAB0409270CD|44B7A7B3-4DAE-44A9-86FB-70FE1A6D31C1|552c0a24-6038-440f-add5-2dadfb9a23bd
4BB37A08-D180-47DF-8401-B3162F84E23F|E3CDC578-37BA-4CDB-B150-DAB0409270CD|44B7A7B3-4DAE-44A9-86FB-70FE1A6D31C1|44f23b3c-e066-4b45-931c-0e8073d3a93a
D71F66A7-DCDA-4D54-BA42-612596B30E52|E3CDC578-37BA-4CDB-B150-DAB0409270CD|44B7A7B3-4DAE-44A9-86FB-70FE1A6D31C1|de0c86be-9bcb-4d3b-8098-b06687536c1f
12039F0B-A39F-4399-B2CA-19A3D10F0A4D|E3CDC578-37BA-4CDB-B150-DAB0409270CD|BCD7AFBC-B5B0-45CE-806C-64051F4C6D1F|c9caf109-c27d-4062-9b9f-ac4268629e27
82B17C63-6BBA-4B5C-B387-43DD1E74B2B1|E3CDC578-37BA-4CDB-B150-DAB0409270CD|BCD7AFBC-B5B0-45CE-806C-64051F4C6D1F|f098e943-26fd-4dc0-b6a0-2d02477004a4
7DBC3E02-DB92-4A34-A506-D2ED184F02A9|E3CDC578-37BA-4CDB-B150-DAB0409270CD|BCD7AFBC-B5B0-45CE-806C-64051F4C6D1F|0e5dc1c6-f62f-4a36-a1ec-064173332694
B393510A-2D03-44D1-8A0C-73FBEC1BEDD7|E3CDC578-37BA-4CDB-B150-DAB0409270CD|6DAAC70F-C6A5-4DD7-85AE-B928946132EA|e1729cc2-524a-4069-b4a4-be5aec8473fe
E96657DE-DFEB-4073-AA93-4F83155DCD09|E3CDC578-37BA-4CDB-B150-DAB0409270CD|6DAAC70F-C6A5-4DD7-85AE-B928946132EA|b9bbd718-b32f-4466-ab34-42f544ff900e
FE1F19D5-C88D-411E-9543-40CE59979BEC|E3CDC578-37BA-4CDB-B150-DAB0409270CD|6DAAC70F-C6A5-4DD7-85AE-B928946132EA|C1F28FF4-1A18-4552-822A-7A4767643643
E8246333-CD6C-48CE-8E12-16FDCD87C903|E3CDC578-37BA-4CDB-B150-DAB0409270CD|6DAAC70F-C6A5-4DD7-85AE-B928946132EA|F1972BF2-C788-4F41-94FE-FBA1869C92BC
