Uuid|StudentUuid|SchoolName|Index|KcpeYear|KcpeMark
171D8A46-4359-424C-B994-23FF4CD7C0E8|4F218688-6DE5-4E69-8690-66FBA2F0DC9F|Kathituni Boarding|308098002|2007|397
CC700426-6B1F-464C-81BE-3F2FB5B523F2|A195BAF6-D6E7-43A5-B7C9-D6C627A42815|Kianjeru Boarding|308312001|2007|358
930411A9-920D-46A0-9E87-9BA84B91AD6D|8A1B5BDB-9589-4207-8345-A811FC18B2C9|Mwonge Boarding|30832603|2007|401
74AA6D3C-5F41-4768-8488-EDAAD00EFF54|AEED7469-F7AF-41E6-B24C-13B1D74E1026|Kambandi Primary|30830503|2007|376
C80C31B5-7E3F-4DC2-91DC-05A01C989D2D|CF64EBB2-BCC2-4EAA-B1C8-060EEE3284F3|Kianjeru Boarding|30830504|2007|122
17DCB9EF-6E07-4A7F-8B01-9624B1789CE3|7BF6983F-CF8D-4897-8122-7CCD0F778CAF|Nthima Boarding|30830505|2007|234
ACE74D5D-19A7-4E59-9E5F-215841DA562D|87D0EA99-7042-4867-A4B7-C31E7665DE5E|Tumaini Academy|30830506|2007|324
708C9580-1229-4985-A060-DD859EE41FB9|6912F4C6-9370-440A-BA87-11A8426BA92C|Nkumbo Primary|30830507|2007|123
0B20EDF7-F855-428E-8A13-AED1A88BD96B|91318D8C-8150-49B4-A473-CF97F104F6B7|Ikawa Primary|30830508|2007|234
53BDF25D-A1DE-41A9-B63E-9C0D49FCBDD9|DD9AF1EF-EEEC-49D3-A43F-802D7028BFD7|Kianjeru Boarding|30830509|2007|253
83439210-DCBB-4A3D-B40A-3B57E645CEC3|62BC85B5-306F-4740-A215-48470CA31288|Mwonge Boarding|30830510|2007|256
07C66379-729C-48CF-8727-D0BEF81EBC93|B2EEF18D-EE0A-4CA1-B6FE-B82F863D81B4|Kambandi Primary|30830511|2007|432
0C07CD1C-F932-4929-86B4-87D0327468D8|29A012E5-CDE3-45D8-9BB0-A25D3DBF0A92|Kianjeru Boarding|30830512|2007|345
98746978-ADD9-4967-896B-A747B0B3E7FC|423C391C-4944-43F4-9034-9C6818E9C1A2|Nthima Boarding|30830513|2007|375
72F9EF31-A0D4-4F2F-B4D0-F72A67A63172|F67E977A-0102-4758-91E8-9782A570E75D|Tumaini Academy|30830514|2007|234
A16753E1-FE4E-4E32-A245-587A62F9CAF5|EF70C8D3-6866-4F6E-8FC2-10665A8D9B12|Nkumbo Primary|30830515|2007|288
F13305A7-CABC-4095-BDEA-EE1FD9D0CDA6|123264D0-464E-4032-BEA5-CFECA81410C9|Ikawa Primary|30830516|2007|213
A5555A70-B256-4941-A07D-BA9A9720491C|CA1F032F-1CA2-4DCE-8AAA-CB284E167A3E|Kianjeru Boarding|30830517|2007|254
9FCE612A-6DFB-4716-BF7D-9164DBF062BE|72A995F4-0C94-4FAA-8A43-2277B02B97D1|Mwonge Boarding|30830518|2007|276
70D5501C-7659-440C-A2B0-35A71399C1C4|0DE968C9-7309-C481-58F7-AB6CDB1011EF|Kambandi Primary|30830519|2007|342
B07D279E-DFCC-42CB-942F-2ECE910B4040|C1F2964E-9DD5-4B7A-86BD-E7FCAFB9D9D9|Kianjeru Boarding|30830520|2007|344
BF88DD2A-41EA-4E51-94AF-CB97C953C868|E4D9BF24-8574-463D-A816-A21CEC6CD548|Nthima Boarding|30830521|2007|355
5B197395-F7FD-41DC-9E8D-A3990EC34ACC|40F82118-26E7-4CCC-8456-195B5F009478|Tumaini Academy|30830522|2007|366
1AC72D53-8CBC-487C-A70A-3EE7C5CDA37D|0420916C-304D-4EB8-A847-8B4729E915C1|Nkumbo Primary|30830523|2007|333
DEDA08F1-2295-4165-A4D5-181F42B4942F|199C78A9-4708-451E-8C87-8E6B4F47AAD9|Ikawa Primary|30830524|2007|332
35C94E2E-7523-4BF3-A592-21DE788259B7|B404AA65-25A3-40B0-8462-D377A926354F|Kianjeru Boarding|30830525|2007|254
B7475A46-EF61-4120-AE0E-FADE00ACFAE1|B7B6D6E6-84B1-47F6-AA1B-AA34AEB7D236|Mwonge Boarding|30830526|2007|287
725A5A85-ADDD-42C9-9CAA-B68B14F31446|7559C867-A833-4DA2-816B-51D4636033A3|Kambandi Primary|30830527|2007|342
0B59A1EA-BF0B-4015-8FBB-0D0B306FEB80|7FC3A038-C5DE-4DEE-AE2D-E2ED230AB328|Kianjeru Boarding|30830528|2007|276
70F5FF29-80EE-43B6-AF99-7EA3C05BD02B|4A4D0394-0FBD-4014-98A5-D3CE9161A568|Nthima Boarding|30830529|2007|213
031C055D-70E2-4C91-A59F-35887616C339|CB0EF175-8A57-49D7-A1D4-89D0C6E3A497|Tumaini Academy|30830530|2007|254
C21F4FF5-D5D5-48F5-92EF-279D1FCCEA01|309B97E9-72AB-4FD0-A282-8410413ACE46|Nkumbo Primary|30830531|2007|276
71B6C1F9-C4FB-4B56-A721-3879DAD561A1|307ED34F-D6B5-4EE8-AB44-543305B12085|Ikawa Primary|30830532|2007|342
23F63520-959A-4BAB-84AD-5D8B465A4387|97BAC717-C0A7-47F7-9918-C56658E6D792|Kathituni Boarding|30830533|2007|344
81117845-A7C7-4660-9E4F-4F900D77AA36|466D93AD-B0D7-4B29-89C0-569A421763D6|Kianjeru Boarding|30830534|2007|355
1BCEC5D6-D075-4B64-BC26-E4AF90DB596B|41C68FA5-4A98-4BB2-B702-68DD844F92B0|Mwonge Boarding|30830535|2007|366
AFEF3CBC-6FD5-41B9-82D5-87C4B8AB0687|9208D11F-98E8-47B8-8DFC-4215FC2EF127|Kambandi Primary|30830536|2007|333
7E15E94A-3F06-412A-A876-3B6FE3C784F2|3013780A-61AD-4BAA-8666-C89CC1A555F8|Kianjeru Boarding|30830537|2007|332
674A4894-9241-4869-8873-F1F73B1DA994|3C14C92D-9113-4289-8A69-564BF3F3D871|Nthima Boarding|30830538|2007|254
0D5995F7-877F-4E0E-9C09-D75273CBD3CE|E9888085-FD91-4551-9274-50BA485A9637|Tumaini Academy|30830539|2007|287
442A0FC3-12A5-4515-91BD-888762CD466D|DDAD0F9E-C85B-462D-8A57-FCE97AEE4EF0|Nkumbo Primary|30830540|2007|342
DD9C8D16-3E2C-4BA4-900D-A5FCB5F94130|6799DC5E-5CEB-4D60-BD75-EAA9FFFDE30F|Ikawa Primary|30830541|2007|276
90688DCE-6222-4DAE-AE0D-58AF0132048D|85728858-0D2E-4DA6-9901-941B737421E5|Kianjeru Boarding|30830542|2007|401
2237616A-10F3-4FFB-9355-693B827EB9F0|2A4FD176-029E-4DA0-A08A-036BF438EDE7|Mwonge Boarding|30830543|2007|376
B608DDDD-1DD3-413F-9C09-EEA5AB2197C8|1381D1CA-EB72-4D72-A793-D692BE1483C9|Kambandi Primary|30830544|2007|122
90055B24-4286-4194-A116-E887D44B2967|81B20DD2-7462-47FB-B597-1BDAA8A9F0EF|Kianjeru Boarding|30830545|2007|234
A3E70059-8F90-4FA7-BF91-D5D1010CA2E2|0BB327CC-1E4B-497E-9A77-7A49419D95C7|Nthima Boarding|30830546|2007|324
BCA6E800-1D69-433E-B099-D4EE1F6B0B7C|AA1B14EB-5CA0-4FA1-B665-697342B2782D|Tumaini Academy|30830547|2007|123
3DEBF104-5713-46AD-A458-98E8A6AD9081|5B3BD314-7489-4F0E-8BD8-35DF4DF3FC5C|Nkumbo Primary|30830548|2007|234
74F4A5F7-59DE-43AD-BE34-19443CA8D855|89AE9658-3882-484D-B1D5-9E13F554DF2B|Ikawa Primary|30830549|2008|253
D801DFFB-5A4A-4C3A-A0B6-3B099E2F26C1|87671173-70A4-435F-8C3F-14695782B8CF|Kianjeru Boarding|30830550|2009|256
BCA60FBA-EC79-4F3F-8385-B13B742FE233|3AD1F311-C539-4FED-B840-6B6081BDB2E7|Mwonge Boarding|30830551|2008|432
8A0D7D07-394D-4466-8F31-8D3729377F6A|90342A1E-0084-4EB2-9D11-2191B59FA1A6|Kambandi Primary|30830552|2009|345
AD675925-3BCA-4AC9-A64B-D8BB191A0650|799CA5BA-3FA6-4773-BC2E-3C68E1213AC6|Kianjeru Boarding|30830553|2008|375
7D580CCC-D263-4FA1-B010-E50FEC24825A|91DA9E7C-CAA1-4438-A1D7-DD071CFAFF8F|Nthima Boarding|30830554|2009|234
1B8F1C04-581B-4BA7-AE40-95FD30D6F102|11FFC61B-DCDB-4DEE-B9C5-E9DD22B9E575|Tumaini Academy|30830555|2008|253
78487231-F053-4647-9E74-777692351951|91DAFF4B-C8B9-4B46-A971-E66955D66332|Nkumbo Primary|30830556|2009|256
6EF1CF66-D2DF-464F-B662-2A695CE8AA79|F5B016C3-DE03-4097-B006-616E8EE832CE|Ikawa Primary|30830557|2008|432
8D3A9AB6-906E-49A3-B32B-AB463868373F|A2DA52F4-EDAE-4866-9228-634AFC4F5458|Kianjeru Boarding|30830558|2009|345
4F8A4DE1-BDBF-4221-AC61-20F7770C16B3|BBE08494-134E-4E03-B8B6-44D2C9AFF521|Mwonge Boarding|30830559|2008|375
A2E02B5D-C4D6-445F-8F31-1AEEB92AD2D3|D28063C0-F2B8-4A47-9817-19656004C279|Kambandi Primary|30830560|2009|234
509D5394-75AA-4994-BD8D-95F96F6ED79D|C72A3B1C-A13C-462C-BDB7-AFDEFF5F2DA8|Kathituni Boarding|30830561|2008|288
F0B9BA4C-BD49-434F-9058-004EBB347997|9F22612B-A69B-41D3-8819-F71420D6DF2F|Kianjeru Boarding|30830562|2009|213
DFC0B0B3-85AD-4DBE-BFB9-845A5F207846|E4CBA165-C6EE-4B1D-ADC8-C327B77B6B13|Mwonge Boarding|30830563|2008|254
6064E194-4DE2-47E4-97EC-5AFA012AA00C|F26BC70F-FDDC-4383-A8D9-E0E5457834D9|Kambandi Primary|30830564|2009|276
5773064A-A78A-46B1-8C55-4920567026A2|BDBD35C0-F0A5-46F8-AFFF-5F2BBC182C25|Kianjeru Boarding|30830565|2008|342
09B29FC3-8AF5-4A07-802C-69796FEC0846|31638728-0D17-4D23-B876-FF238D90B7F9|Nthima Boarding|30830566|2009|344
92F9797E-31B9-49E8-B37D-3441020EB7FD|172EE44D-088A-4766-A021-690628406CB9|Tumaini Academy|30830567|2008|355
5D5DD165-4BC7-4527-BAA9-7726A1FEBCEF|582A7D9B-1159-40C5-B8EF-21173770BFA3|Nkumbo Primary|30830568|2009|366
9203A013-9353-4CCB-9A66-23D4F7734377|777CE711-981A-4613-AAA3-99E1140E90E9|Kathituni Boarding|30830569|2008|333
4E734F94-2688-4203-81B4-FA2B789F6A59|289A87A1-3936-4012-9487-7B5598F672C9|Kianjeru Boarding|30830570|2009|375
D19B3C35-3AA4-425A-B4FB-8F1BEE101517|F07D8FE7-DA87-40EB-A294-D06BDAC8F438|Mwonge Boarding|30830571|2008|234
E2305A6F-B57A-4398-BA16-7BD886F09EC7|A2678067-A7A3-4D10-A30C-C3789B180A70|Kambandi Primary|30830572|2009|288
222AFA48-DC13-44E8-9BD3-4D4C2D345EB0|2F073061-C5C3-4359-B4DE-5E17D74D6620|Kianjeru Boarding|30830573|2008|213
BC26B9BA-28BA-453F-B3CB-8F8EF5A1B4E4|539D4A11-2C5B-40BC-91A2-44998747E8AD|Nthima Boarding|30830574|2009|254
2824E403-AE77-40F7-A099-4250D1AFD12F|EE943C52-EF11-4D6C-BEBF-CE5901394CB3|Tumaini Academy|30830575|2008|276
828BFC38-E566-4343-B4FF-E324213E44BA|743DB4A9-876D-4148-828D-A0CC23B736CC|Nkumbo Primary|30830576|2009|342
C26C3F9E-FD66-42F5-8BA7-CD54862DC5DC|CE880C8E-C8D0-49A3-AA4A-8294F8F3F307|Ikawa Primary|30830577|2008|344
BC4256AB-68F1-4B07-84AD-B985EBBD6DF6|20CA9579-140F-4DAB-8587-30AEAD28B04E|Kianjeru Boarding|30830578|2009|355
75222749-29CB-4399-B017-B955EC21E60A|505B0413-C444-4B53-99E2-BFA56F3F771A|Mwonge Boarding|30830579|2008|366
18105FDD-EB3D-4998-9C5E-DCA5258D528E|A48C8714-0012-4AF0-AE0F-0C3932980FC5|Kambandi Primary|30830580|2009|333
5867F0E9-34DF-48B4-B3BF-0913A84963D9|3DC2A34B-008C-4C2C-BD11-262FB0DA6BB3|Kianjeru Boarding|30830581|2008|332
159E2291-DB24-48E5-B3EF-47E6B63010B8|5CF574B4-1464-4BEC-AD86-84639DE8EB1A|Nthima Boarding|30830582|2009|254
61C1FF43-6FEF-4062-8FCA-7C4C24D18E03|7C3BAB0E-C09E-4238-B3C0-9FAF188A53B7|Tumaini Academy|30830583|2008|287
5D9668A6-3A3A-4AFC-B426-5858C49AAA54|CD23A751-4F7F-4CA4-9B98-CA509B1C9BE9|Nkumbo Primary|30830584|2009|342
38C5EBAF-D661-4FE1-9BED-4525D3A3F540|E3AC3BF6-7832-4CFA-A684-F866CFF1EC03|Ikawa Primary|30830585|2008|276
A08F5669-30AC-4075-B53E-9F8894C5C21C|54A61629-5C00-42D7-9167-44AC3E6A1D49|Kianjeru Boarding|30830586|2009|213
77613449-EC55-48ED-8C56-C8CABE4AFF2A|2F1D0FF2-D63F-42EC-B26C-728328BD2D2E|Mwonge Boarding|30830587|2008|254
C71504F8-15CF-48C2-8AD6-48EFDAA047B5|6B6E166D-6F1C-4594-AC6F-220CC73C569A|Kambandi Primary|30830588|2009|276
EB80E240-171E-4F4F-888B-DEAEDF1D4509|3F6F8ACF-477F-4E93-9099-524272131150|Kianjeru Boarding|30830589|2008|342
257F0890-8C37-49BC-805C-6BE978344AA7|CEAECA2A-D0DE-4E78-B663-2C2265C56E5A|Nthima Boarding|30830590|2009|344
9E4B2919-61D7-45E7-9741-4FCA5E3725A2|7193EB96-25D8-4FC0-AA1F-F76B0695AB1D|Tumaini Academy|30830591|2008|355
C88B40B3-C727-42EA-A9A4-9E1FD0C7FAE0|9BDEB2F2-AE2F-4D41-95A7-075FE76077C9|Nkumbo Primary|30830592|2009|366
B621EFE7-92B9-4192-951C-6E603D060DB1|40CC3205-3CE2-4FB3-9331-5AC66B8FAA3D|Ikawa Primary|30830593|2008|333
DAA02649-0AA8-4B6F-8E5F-1686EA490624|0B19CA51-195B-4FF1-9BC0-2B75DA47A5B2|Kianjeru Boarding|30830594|2009|332
161E6FA3-D9FF-4CA8-97CF-5BE9ADEBDC86|745823C6-C558-45D0-A477-B963799C8F28|Mwonge Boarding|30830595|2008|254
CA8D8B59-4246-41C6-8023-4FB5E77EAD91|9D3BEDC0-924F-434C-8CFE-4EF4EE2323C9|Kambandi Primary|30830596|2009|287
63627F76-90AD-4832-BA27-5D59E499F5DF|CC6D62A0-5AA0-46CA-A0AA-C0A651021BDA|Kathituni Boarding|30830597|2008|342
CB01FFC4-8A5A-4879-A976-32976B021A4D|E9E5C637-E205-4479-B0E8-4F547DEFE169|Kianjeru Boarding|30830598|2009|276
8720895E-1089-46AC-8B05-2200D7EEA15D|95251D87-568C-4B6B-9378-1018A934808A|Mwonge Boarding|30830599|2008|401
ED8F2D53-8F25-4C53-80B7-EE16363895B1|3AA8BAE9-981D-406C-B388-81337EFB95C7|Kambandi Primary|30830600|2009|376
6CE5187B-9267-4B7D-8153-804BA2C3B4C7|910AAFE9-54B0-42E3-8348-C1ADAA8EC4F6|Kianjeru Boarding|30830601|2008|122
3A9496FA-2E9C-47F0-B5B9-802BA3EAA2DC|8297AE60-2986-4FEA-9ECD-253652CE5AAE|Nthima Boarding|30830602|2009|234
7F516804-E8DB-4E35-B4AD-441057122DD1|19AA4B94-DFA8-46D9-9663-E84B2AEE6AAB|Tumaini Academy|30830603|2008|324
3680F126-D6F5-49E9-ACF1-9C24AFDD0A35|B80DF118-2B28-4B7C-9B4F-0938CB025413|Nkumbo Primary|30830604|2009|123
CD2C0EA6-AAAE-4E74-A24C-34E2E41A02D9|88598F8E-AFA3-40D3-A3AD-D4D7DE7DB538|Ikawa Primary|30830605|2008|234
70298D53-F814-4F2A-887F-07A488942CD0|4643C0D8-5534-4BE8-AF1A-7C7DFD0BA5DB|Kianjeru Boarding|30830606|2009|253
C1695DFF-7E58-4B23-B783-6C082E845688|BC134D9A-C501-46EA-8578-AC197DC48A88|Mwonge Boarding|30830607|2008|256
E159E44D-803E-43CC-A34F-A3EE46914A6D|B208DFF0-E0DE-4EDD-8682-852408D7E031|Kambandi Primary|30830608|2009|432
1F1EA6F5-FCED-4F04-BFB3-59A178A195C3|1DFB8B07-F776-4A7A-9042-A1B6E0C3A970|Kianjeru Boarding|30830609|2008|345
4CAEDAE5-3898-475C-8615-05AE91B77326|EA790CE4-0C54-4EEC-A6FA-F299E60517F5|Nthima Boarding|30830610|2009|375
96AE7468-D49F-422D-896B-AB9C57C331EC|12050094-A227-4531-BC57-F990E4285943|Tumaini Academy|30830611|2008|234
717E2110-67C4-42D9-AE31-4123F5BAAAF3|9323CB91-A36D-460C-B5D0-2F440977CA44|Nkumbo Primary|30830612|2009|253
8C5D7385-E9C6-4C61-A033-8BF471CBDFF1|0AF1C702-24AB-4024-B173-24C470078433|Ikawa Primary|30830613|2008|256
308D0120-34B8-4F53-8BE4-4FCCB5458FD8|D3AAD922-38D5-46D1-A331-1BF46D629479|Kianjeru Boarding|30830614|2009|432
B914EE61-7E80-44DD-8EFA-CF4FC65C6641|4B55AA3A-1B40-431F-8658-2F2367F2AE8F|Mwonge Boarding|30830615|2008|345
51D472E4-4CAD-411E-8284-808C6BFB708A|81F2CC53-D7D2-44FC-922D-980D7DC11F37|Kambandi Primary|30830616|2009|375
02E43125-5F22-411D-A8DF-406BEF819C09|3EB16048-5FE7-4FDB-952D-C156C395534C|Kianjeru Boarding|30830617|2008|234
CF2397A4-B64D-4CA4-98A7-A74185C8AB64|8D0E34C2-E477-4CB8-8FBF-4D94EC4B043E|Nthima Boarding|30830618|2009|375
F80DE0EB-9971-4068-A9C7-A39E9C9EA888|E2F64CC7-D0E4-421E-9FF4-3453624BE455|Tumaini Academy|30830619|2008|234
3854E772-8358-4DB8-9EEF-A113A93E1E1F|C65A996F-D03D-4D96-9CE7-252175F01AFB|Nkumbo Primary|30830620|2009|288
97E89DBF-0ECD-449C-A998-7EC843DDD1D3|754C2BDA-35B5-4799-8A2C-94E7C57CA8AB|Ikawa Primary|30830621|2008|213
96621BE2-83C4-4A2F-B8CB-1FEB43864AAE|12C5CC17-8C11-4572-AAB2-20E9A063C699|Kianjeru Boarding|30830622|2009|254
C22A5C59-FC1F-4E07-BBBD-89926124417C|08F810FF-B734-48E0-A9C8-A5574F2AADA8|Mwonge Boarding|30830623|2008|276
CAE8B9DD-8352-400F-843B-144EF218CA5B|51CBE1C4-1CA5-45FC-B707-921D1B38F018|Kambandi Primary|30830624|2009|342
D2B7B011-E1AA-4F04-8901-739C489A1A7A|4FD1738D-3A86-455A-B971-C371D658B926|Kathituni Boarding|30830625|2008|344
49BCAA41-90ED-4FE3-BDE7-BB91B425AE2B|908375E6-8E8B-4339-A2E3-39E2A1BFEE43|Kianjeru Boarding|30830626|2009|355
5B35E4B2-3427-4A83-B81B-C147B8DAB3D5|83DA7896-B2F1-49A9-B75A-70CA04A97B68|Mwonge Boarding|30830627|2008|366
05D2A9D5-EF6E-4D1F-A05D-8A5FC2E83AA7|499ADCBF-9C19-4BE5-BA51-616B58BB05C3|Kambandi Primary|30830628|2009|333
CB781CB3-D33A-457C-B021-1606CFD5A8BD|E59703FC-BA9B-4818-AD11-984D76210FE9|Kianjeru Boarding|30830629|2008|332
E4F4ACC4-51F0-4B19-AF6D-26DBB9BDF730|66F6CF06-FACD-4A39-B5CF-5001F5D4194E|Nthima Boarding|30830630|2009|254
99BF280C-DF22-44AE-83CA-05038A2654CC|97F05ACC-2A03-4AA8-ACB8-3F9FADCC9486|Tumaini Academy|30830631|2008|287
29006CAF-631C-4079-8825-85C392FC76AC|C7C8FA02-9451-47F9-95BF-4DDCBB60FFCF|Nkumbo Primary|30830632|2009|342
C685C447-945B-44D8-B665-670024D8FEDB|83FA197B-664B-4955-BD5E-8B074CBE63A3|Ikawa Primary|30830633|2008|276
5F32E1DB-71EA-4C74-8966-FBB33F99E8DE|794ABEAB-352A-4261-A218-EEF2EDFD5428|Kianjeru Boarding|30830634|2009|213
3E9DB41A-2A2B-47C3-9CEA-38FE0112AD10|B5E2CA94-9BF5-47C4-B44E-36938F03EECC|Mwonge Boarding|30830635|2008|254
3F6AC6B0-73D3-4453-90B9-38941EA8FCC5|01A330A1-EA96-4D4F-BADD-622010A5CF74|Kambandi Primary|30830636|2009|276
D8A78C91-1737-4C73-B83F-1F22658F67F4|989A7D0A-8D13-462D-AB3F-20FC93FC0610|Kianjeru Boarding|30830637|2008|342
D072D013-BDCE-45CA-9D28-BD760726FA3A|42A26815-CF73-4AFE-B336-B1DBFE4C5DE8|Nthima Boarding|30830638|2009|344
CB714459-518E-4654-A102-6DC036C23E2C|6FB357B5-B6AB-4CBD-B717-47139C155C3A|Tumaini Academy|30830639|2008|355
EA6A5049-FE6B-4E09-B4D2-E6F66639BA7F|230FD046-73F1-4958-9A82-D801610E11FA|Nkumbo Primary|30830640|2009|366
0F02AAD3-3450-4B44-8969-132B6808736B|0FE377D0-F95C-422C-B029-E7E75BB06A4B|Ikawa Primary|30830641|2008|333
C830CC27-7317-4720-B211-286ABD7AA3F7|F2E280C3-7CFA-4A6A-8598-B105812BD06F|Kianjeru Boarding|30830642|2009|332
AA76F096-A987-42D1-9969-D4A6A6206FD1|5C19B3DF-6F82-40B3-A11A-79FCCEE6B70B|Mwonge Boarding|30830643|2008|254
3C64F0C9-F822-49E0-9F7C-240B3D55B5A9|9C80D7BE-52F5-4F72-8DE4-E37A0B7172F9|Kambandi Primary|30830644|2009|287
19387814-0AA5-4224-BB1E-DFAF82B988E4|92D792CD-853C-4CCB-B423-CE6C620E65F4|Kianjeru Boarding|30830645|2008|342
FFF830B0-CF28-48D1-A919-868B7108FA5C|B470F594-3E52-4B5A-ACF4-E3EE432714E5|Nthima Boarding|30830646|2009|276
ECF6F698-F6BB-4D37-8CDF-8D3F98A1531A|B97BF159-E609-48CF-B3BD-F509E4A72043|Tumaini Academy|30830647|2008|401
BAF5D79E-56C2-4EAF-86EE-C77C6F732C02|04BB856A-856E-43AE-B305-FD85AFBD2FFF|Nkumbo Primary|30830648|2009|376
E6A8A1B7-4157-40A1-8FBA-827DCC63A396|ADD9AA97-52E1-4117-92DE-DF1BFCAB00BC|Ikawa Primary|30830649|2008|123
40A3E8CE-7B0A-4A27-80C2-73F6626471DC|6600539C-3A0B-45F8-A1B2-69F709D717D5|Kianjeru Boarding|30830650|2009|234
A1077356-1793-4861-B3F3-6B969B573E57|D9D3AE3C-E591-45B9-8779-74B5BB832186|Mwonge Boarding|30830651|2008|253
22733F24-247F-49A6-8ACB-01DC9D69C4FA|25798F46-9001-4CA9-9CC1-5BBCD885465B|Kambandi Primary|30830652|2009|256
F6CE1417-C499-403B-93CF-5F94FA73D1EE|0EABB394-4C93-47FC-A480-01F12E29BA27|Kathituni Boarding|30830653|2008|432
C140D36D-CEA9-4A4C-9193-587ABFECAE5B|0B084961-A64F-41A1-A154-EC39C9039D89|Kianjeru Boarding|30830654|2009|345
CE48D38D-DA52-487A-9C87-2D7E348EE0B0|2E696E43-12D8-4304-8E74-14C0F8239C8B|Mwonge Boarding|30830655|2008|375
0A750166-E14D-4D10-8895-11644159BBC9|DB4A113F-DD71-4D65-BDD6-140EE8CFA057|Kambandi Primary|30830656|2009|234
559B4568-24ED-40E6-8494-6C3FEBEBFD8A|A7BFB70C-1537-4543-818E-1A26631EB726|Kianjeru Boarding|30830657|2008|288
D9E8AF81-0564-4DCC-8F74-33972E6DBAC0|57B87F21-6FA6-4A6D-9B44-352C421399D2|Nthima Boarding|30830658|2009|213
594CB467-74B3-4D0D-BA8D-7BE6A15A475C|3A5DAE15-6E75-49EB-A01E-BD0245CF5E49|Tumaini Academy|30830659|2008|254
0EB2BF8E-1CCE-4062-A957-EEBDB8EF905E|FB79819F-8376-4095-B7F7-AC1F0A0AC176|Nkumbo Primary|30830660|2009|276
E3954261-517D-4A73-BFBD-053F9363335A|221BF4A4-CAF5-4DD2-AF83-A77E631EF111|Ikawa Primary|30830661|2008|342
A532C2FA-0C6B-4945-8489-2C80D358F0BF|7265407E-3324-4A80-846B-5C83BDFE24F1|Kianjeru Boarding|30830662|2009|344
ACD26B68-5A88-4385-A4D3-4997D536164E|6B7068BA-069E-4DBA-94FA-D79BC7EA1248|Mwonge Boarding|30830663|2008|355
91B12E5D-07E8-432B-B706-8E067F1A925F|D14B8BC3-9777-48D7-936C-376176C3BFE3|Kambandi Primary|30830664|2009|366
C6E38ED2-03D5-492E-9187-9230E9716155|5F43BD29-BE46-4C55-BA9E-0F195233EDED|Kianjeru Boarding|30830665|2008|333
C028146F-FFDB-483E-8331-A5EFC6B68CD0|ACD7008B-EF21-483B-8379-54C8A4D3A866|Nthima Boarding|30830666|2009|332
800F2AAC-7C89-4034-A135-0323CAFE3C87|07F42ECC-7E24-4630-A5EC-4ED7FD3D9A0B|Tumaini Academy|30830667|2008|254
43E83FCE-6547-4A32-B589-9142C2C221DB|50B56335-DA2C-400C-8788-1F665E5704D3|Nkumbo Primary|30830668|2009|287
5ADACCB6-F07D-4EA4-9DCF-B82DE36F8D59|C4F52BB8-C0FB-400C-818B-1F4271249DE5|Ikawa Primary|30830669|2008|342
F4493C6A-92BD-4DF6-B7BD-896848FD851B|5E08A40F-9427-424B-9C7C-0FE5FD2BED32|Kianjeru Boarding|30830670|2009|276
DA1402F5-3CE8-4A11-9C96-C1E2F88CA610|36ED94CB-08DF-48CF-8DA2-CA6365ACBB0B|Mwonge Boarding|30830671|2008|401
3D3E47F1-D702-4E42-A076-2C4CA761311B|366D7C25-51C5-4A0B-9128-A3F52FE6D5EE|Kambandi Primary|30830672|2009|376
E162D808-F7E4-44C5-8E51-6BF68848394F|B38A36EC-A66C-4738-9F86-56DECD1B160F|Kianjeru Boarding|30830673|2008|122
57F9C42B-33C8-4730-9A84-B41F61759E1E|27A748F4-C0CF-4BEF-821B-AB42D738622C|Nthima Boarding|30830674|2009|234
0AA43855-D39D-40E0-B47F-55AE630BEEE2|674E095E-B54C-4353-AC9E-BACE342C7D5B|Tumaini Academy|30830675|2008|324
B9006C70-2AF5-4FED-870F-8546921E0AA0|20936997-90CE-4251-872B-AB9D91F71125|Nkumbo Primary|30830676|2009|123
4A380908-8AE1-4483-BC93-A65F65CE6BEC|0937EA44-F95B-4FF4-A4E0-2CA91CC60CAF|Ikawa Primary|30830677|2008|234
C94FDF90-50F1-4DD0-A6E5-21DDD7281DA5|93338C52-D8D1-4021-B48B-19F0B0E9B21E|Kianjeru Boarding|30830678|2009|253
75EFAB01-DCEB-4BC4-BC62-80C9F2E8426F|2AE44D35-CBC9-4442-B5BE-B8B0602657B2|Mwonge Boarding|30830679|2008|256
3F3038A1-4946-4DB2-AA90-83EC577EA266|C25B83A9-792E-481E-BE0B-2C04DE97DE12|Kambandi Primary|30830680|2009|432
0CCDB729-9DA9-4225-8069-F258DCA485AB|FC786FD1-9C26-4783-A0B8-2F250F806610|Kathituni Boarding|30830681|2008|345
B98A5176-66CA-46FE-9568-102B536C4AFE|AE9ED18A-8761-40CE-BA1E-B4F3D4274504|Kianjeru Boarding|30830682|2009|375
6357DD24-56C9-48EA-BDDC-F591E6358380|8AACF062-36FE-4D43-895B-E1CFDFA4EE93|Mwonge Boarding|30830683|2008|234
13BC864F-3998-43F6-B1BA-6CA29E98440F|F1D6D93A-51E3-4CEC-9470-A8941914E615|Kambandi Primary|30830684|2009|253
19018671-CBB3-467C-8F88-BC701209E8FA|C85DDFD1-62B2-4F6F-82D3-814EB99F49EE|Kianjeru Boarding|30830685|2008|256
B282FD27-A565-45E2-A1BF-5026F44636D1|457FC285-C47F-4DD3-8238-0A7922D2C660|Nthima Boarding|30830686|2009|432
94C3BD47-A87B-4FB7-8238-8BFA9E94673A|0B6858E0-B265-4B7E-8744-9902FB7EE70B|Tumaini Academy|30830687|2008|345
BEDF35F9-0B69-49EC-B97D-EDAD0BF1801B|8A3E4154-6C02-45D8-92BD-80D11EC9BC20|Nkumbo Primary|30830688|2009|375
A48CB705-273D-4F72-A014-C37A0D32F68D|C01FA99C-6A3E-4293-A462-E215F2FD1929|Ikawa Primary|30830689|2008|234
1172A662-A304-4845-ABB6-573179EA76D0|FBE28CB8-6B4E-4F50-A95D-F8E1C733A159|Kianjeru Boarding|30830690|2009|288
2DDBBCB4-C260-4B56-ADE1-428AF642CDA3|717FD680-3AF4-463E-8006-204A086F6F9D|Mwonge Boarding|30830691|2008|213
69C1905A-0D9C-4927-A92E-613FCA8301FF|79C746EC-C513-44B0-852B-6871DE7E3FA5|Kambandi Primary|30830692|2009|254
0647E18F-94C4-46E0-9E72-C88CE6E4F765|C4201204-DF2C-4870-8567-DCFEA0580C7C|Kianjeru Boarding|30830693|2008|276
B3815AFF-3387-4C89-B8C9-5860421AFFCC|1113FBB3-4FB1-42A5-9602-0F3E2B7799C7|Nthima Boarding|30830694|2009|342
D5E4A90B-F7D5-4F17-9E17-32D78ACA2748|C6C426F3-4F3C-4DAD-9EC4-A119F1086984|Tumaini Academy|30830695|2008|344
E32016A3-0818-4035-B023-E30C4ACA2630|56BFD25E-DF52-4C85-B55D-EA3CE1EC8EF0|Nkumbo Primary|30830696|2009|355
2DC3BB44-BA67-424A-8AD9-7468C3A8A69B|5A283405-71D5-44EE-A8C2-CBB5820D9AC7|Ikawa Primary|30830697|2008|366
06754877-57B7-4FC8-9AE5-95585F4FA040|B5C989AF-5853-4EF0-BDB8-6A9C7717644D|Kianjeru Boarding|30830698|2009|333
6609E725-7C40-44C1-B916-24CB6B76BF40|6D4BF323-E228-4796-BBEE-639AA86A2528|Mwonge Boarding|30830699|2008|332
7FC725BC-FC74-421D-94BE-06F471CF5264|991FD9DE-146D-495F-A8AA-603F5D269E7D|Kambandi Primary|30830700|2009|254
ED411648-4EF6-44CC-BB92-BD5FC56736E7|D3DB687E-FF09-4DFE-BC24-EF6747330FCA|Kianjeru Boarding|30830701|2008|287
94D057A5-7E16-4525-8DE0-B3EBE835EF8C|63D54CDE-47B6-4458-BC3F-F61BDC9D6A08|Nthima Boarding|30830702|2009|342
513A7827-20E6-473E-92F4-3918FE6C2091|0D599C97-E6ED-46D9-A6AD-72005D67E856|Tumaini Academy|30830703|2008|276
8B18738D-DE61-4309-9388-E896E8BCA441|2AA629B7-CAC4-441A-911B-594218A3BF17|Nkumbo Primary|30830704|2009|401
F690B1F7-829E-48F2-92BC-C6502A627C87|4631F3CA-DBBC-4B5A-A3F5-25B224135395|Ikawa Primary|30830705|2008|376
B0F4B32D-B968-4E33-BD8F-C5AF5DE54206|CE456104-4DED-4CE2-970A-CFB0B976E324|Kianjeru Boarding|30830706|2009|122
76C82E59-2836-4FE5-A0C6-FD42DF671894|1D970206-0C82-4021-918D-0CE6DD0AC955|Mwonge Boarding|30830707|2008|234
329B725A-3BEF-4066-884B-F879A69DD306|D961EF8B-1F5E-40BD-8F6B-3FD878C61691|Kambandi Primary|30830708|2009|324
51495011-4E7D-4B06-9DAE-DFE3807A6261|7E158943-92DF-46E3-8B2E-7973EC929C6C|Kathituni Boarding|30830709|2008|123
BC8C0FEE-0B69-42DE-AFD2-3E19CC5677C5|F03AA506-8A07-4B79-9CE5-A9A987BD84FF|Kianjeru Boarding|30830710|2009|234
0BE59896-29FB-4ABF-A8C5-AA1DEADF8023|CDABD353-BB34-43A1-8615-94D111E520FB|Mwonge Boarding|30830711|2008|253
9DA92252-2018-4341-87DA-876939BBF17A|CBE51DD4-DADD-4C8C-B3BE-5404DD97C63F|Kambandi Primary|30830712|2009|256
8318609A-A104-4C8F-9C94-A188FFF4EBAB|C75EFC69-08FD-445F-B51B-3395FDEF4A95|Kianjeru Boarding|30830713|2008|432
09E6CDD7-82C8-4E05-BEAD-B869D14271EE|ABAFB76A-8B72-4F60-849D-000245ADBA7F|Nthima Boarding|30830714|2009|345
683913EB-ACD4-42BF-BACA-3AD5962339E5|A6992B16-33F4-44EC-9B3E-C7E3E244A116|Tumaini Academy|30830715|2008|375
6550EC43-60F0-4AAE-93F2-6282F99A3599|5558DF52-C470-46BD-A2B3-E9FFA52B4E70|Nkumbo Primary|30830716|2009|234
DA4B7852-E154-46C2-A5C6-90DD08EC3BF5|0D45D7CB-1FB8-44F6-856F-9A60EE0E8620|Ikawa Primary|30830717|2008|288
AB4A4FD6-95C9-440C-A779-9EB1F9A3B2E5|532F2337-E49A-4804-9C6C-422271B46E36|Kianjeru Boarding|30830718|2009|213
2BE63380-6C01-444F-A3AB-2BA4D5A66E6E|B3D6957B-0DAE-4E1B-A244-09C33F6FEF80|Mwonge Boarding|30830719|2008|254
