uuid|SchoolAccountUuid|StatusUuid|ClassRoomUuid|Admno|FirstName|LastName|SurName|Gender|DOB|BcertNo|County|RegTerm|finalYear|finalTerm|SysUser|studentType|RegistrationDate
4F218688-6DE5-4E69-8690-66FBA2F0DC9F|E3CDC578-37BA-4CDB-B150-DAB0409270CD|85C6F08E-902C-46C2-8746-8C50E7D11E2E|4DA86139-6A72-4089-8858-6A3A613FDFE6|901|JORAM|NDUNGU|MURIITHI|MALE|11/06/94|L2374|Nyeri|1|2019|3|Peter|Boarder|2016-05-07 11:28:43.101+03
A195BAF6-D6E7-43A5-B7C9-D6C627A42815|E3CDC578-37BA-4CDB-B150-DAB0409270CD|85C6F08E-902C-46C2-8746-8C50E7D11E2E|4DA86139-6A72-4089-8858-6A3A613FDFE6|902|PETER|NJERU|MWENDA|MALE|12/07/92|A78892|Tharaka Nithi|1|2019|3|Denis|Day|2016-05-07 11:28:43.101+03
8A1B5BDB-9589-4207-8345-A811FC18B2C9|E3CDC578-37BA-4CDB-B150-DAB0409270CD|85C6F08E-902C-46C2-8746-8C50E7D11E2E|4DA86139-6A72-4089-8858-6A3A613FDFE6|903|JOHN|NGANGA|MURIITHI|MALE|09/07/93|A73893|Nyeri|1|2019|3|Peter|Boarder|2016-05-07 11:28:43.101+03
AEED7469-F7AF-41E6-B24C-13B1D74E1026|E3CDC578-37BA-4CDB-B150-DAB0409270CD|85C6F08E-902C-46C2-8746-8C50E7D11E2E|4DA86139-6A72-4089-8858-6A3A613FDFE6|904|DENIS|GIKUNDA|MUTUMA|MALE|04/05/95|A77388|Meru|2|2019|3|Peter|Day|2016-05-07 11:28:43.101+03
CF64EBB2-BCC2-4EAA-B1C8-060EEE3284F3|E3CDC578-37BA-4CDB-B150-DAB0409270CD|85C6F08E-902C-46C2-8746-8C50E7D11E2E|4DA86139-6A72-4089-8858-6A3A613FDFE6|905|BETTY|MWEBIA|KANANA|FEMALE|06/08/96|L98828|Meru|2|2019|3|Peter|Boarder|2016-05-07 11:28:43.101+03
7BF6983F-CF8D-4897-8122-7CCD0F778CAF|E3CDC578-37BA-4CDB-B150-DAB0409270CD|85C6F08E-902C-46C2-8746-8C50E7D11E2E|4DA86139-6A72-4089-8858-6A3A613FDFE6|906|DORIS|NDUNGU|NDUTA|FEMALE|03/06/94|L98282|Muranga|2|2019|3|Denis|Day|2016-05-07 11:28:43.101+03
87D0EA99-7042-4867-A4B7-C31E7665DE5E|E3CDC578-37BA-4CDB-B150-DAB0409270CD|85C6F08E-902C-46C2-8746-8C50E7D11E2E|4DA86139-6A72-4089-8858-6A3A613FDFE6|907|JOYCE|NJUGUNA|NJOKI|FEMALE|07/07/94|A77494|Nakuru|2|2019|3|Denis|Boarder|2016-05-07 11:28:43.101+03
6912F4C6-9370-440A-BA87-11A8426BA92C|E3CDC578-37BA-4CDB-B150-DAB0409270CD|85C6F08E-902C-46C2-8746-8C50E7D11E2E|4DA86139-6A72-4089-8858-6A3A613FDFE6|908|DANIEL|MIGWI|NDUNG'U|MALE|02/23/94|L83773|Nyeri|3|2019|3|Denis|Day|2016-05-07 11:28:43.101+03
91318D8C-8150-49B4-A473-CF97F104F6B7|E3CDC578-37BA-4CDB-B150-DAB0409270CD|85C6F08E-902C-46C2-8746-8C50E7D11E2E|4DA86139-6A72-4089-8858-6A3A613FDFE6|909|DENNIS|MUGAMBI|MURIITHI|MALE|04/20/93|A76733|Tharaka Nithi|3|2019|3|Denis|Boarder|2016-05-07 11:28:43.101+03
DD9AF1EF-EEEC-49D3-A43F-802D7028BFD7|E3CDC578-37BA-4CDB-B150-DAB0409270CD|85C6F08E-902C-46C2-8746-8C50E7D11E2E|4DA86139-6A72-4089-8858-6A3A613FDFE6|910|DANCAN|KAMAU|WANGUI|MALE|11/06/94|L23772|Nakuru|3|2019|3|Denis|Day|2016-05-07 11:28:43.101+03
62BC85B5-306F-4740-A215-48470CA31288|E3CDC578-37BA-4CDB-B150-DAB0409270CD|85C6F08E-902C-46C2-8746-8C50E7D11E2E|4DA86139-6A72-4089-8858-6A3A613FDFE6|911|MARY|AKOTH|OTIENO|FEMALE|11/09/93|B6T772|Kisumu|1|2019|3|Denis|Boarder|2016-05-07 11:28:43.101+03
B2EEF18D-EE0A-4CA1-B6FE-B82F863D81B4|E3CDC578-37BA-4CDB-B150-DAB0409270CD|85C6F08E-902C-46C2-8746-8C50E7D11E2E|4DA86139-6A72-4089-8858-6A3A613FDFE6|912|TIM|KORIR|KIP|MALE|12/07/92|B67223|ELDORET|1|2019|3|Denis|Day|2016-05-07 11:28:43.101+03
29A012E5-CDE3-45D8-9BB0-A25D3DBF0A92|E3CDC578-37BA-4CDB-B150-DAB0409270CD|85C6F08E-902C-46C2-8746-8C50E7D11E2E|4DA86139-6A72-4089-8858-6A3A613FDFE6|913|TOO|RONARD|KOECH|MALE|12/07/92|B76672|ELDORET|1|2019|3|Denis|Boarder|2016-05-07 11:28:43.101+03
423C391C-4944-43F4-9034-9C6818E9C1A2|E3CDC578-37BA-4CDB-B150-DAB0409270CD|85C6F08E-902C-46C2-8746-8C50E7D11E2E|4DA86139-6A72-4089-8858-6A3A613FDFE6|914|LEAH|GATUMI|MORRIS|FEMALE|12/07/92|A76733|Tharaka Nithi|1|2019|3|Denis|Day|2016-05-07 11:28:43.101+03
F67E977A-0102-4758-91E8-9782A570E75D|E3CDC578-37BA-4CDB-B150-DAB0409270CD|85C6F08E-902C-46C2-8746-8C50E7D11E2E|4DA86139-6A72-4089-8858-6A3A613FDFE6|915|MATI|MORRIS|NGUGI|MALE|12/07/92|L23772|Tharaka Nithi|1|2019|3|Denis|Boarder|2016-05-07 11:28:43.101+03
EF70C8D3-6866-4F6E-8FC2-10665A8D9B12|E3CDC578-37BA-4CDB-B150-DAB0409270CD|85C6F08E-902C-46C2-8746-8C50E7D11E2E|4DA86139-6A72-4089-8858-6A3A613FDFE6|916|JUNE|ATIENO|OMOLLO|FEMALE|12/07/92|B6T772|Kisumu|1|2019|3|Denis|Day|2016-05-07 11:28:43.101+03
123264D0-464E-4032-BEA5-CFECA81410C9|E3CDC578-37BA-4CDB-B150-DAB0409270CD|85C6F08E-902C-46C2-8746-8C50E7D11E2E|4DA86139-6A72-4089-8858-6A3A613FDFE6|917|ONDIEK|FELIX|OCHIENG|MALE|12/07/92|B67223|Kisumu|1|2019|3|Denis|Boarder|2016-05-07 11:28:43.101+03
CA1F032F-1CA2-4DCE-8AAA-CB284E167A3E|E3CDC578-37BA-4CDB-B150-DAB0409270CD|85C6F08E-902C-46C2-8746-8C50E7D11E2E|4DA86139-6A72-4089-8858-6A3A613FDFE6|918|SANJE|KEITH|SEIYALEL|MALE|12/07/92|B76672|Narok|1|2019|3|Denis|Day|2016-05-07 11:28:43.101+03
72A995F4-0C94-4FAA-8A43-2277B02B97D1|E3CDC578-37BA-4CDB-B150-DAB0409270CD|85C6F08E-902C-46C2-8746-8C50E7D11E2E|4DA86139-6A72-4089-8858-6A3A613FDFE6|919|ADAMS|GICHANE|MWANGI|MALE|12/07/92|A76733|Muranga|1|2019|3|Denis|Boarder|2016-05-07 11:28:43.101+03
0DE968C9-7309-C481-58F7-AB6CDB1011EF|E3CDC578-37BA-4CDB-B150-DAB0409270CD|85C6F08E-902C-46C2-8746-8C50E7D11E2E|46398A47-93F2-4591-B36F-1C28B03CC2F3|920|Dynah|Mwende|Peter|FEMALE|12/07/94|A73877|Tharaka Nithi|1|2017|3|Peter|Day|2016-05-07 11:28:43.101+03
C1F2964E-9DD5-4B7A-86BD-E7FCAFB9D9D9|E3CDC578-37BA-4CDB-B150-DAB0409270CD|85C6F08E-902C-46C2-8746-8C50E7D11E2E|46398A47-93F2-4591-B36F-1C28B03CC2F3|921|Gareth|Mohammad|Lars|MALE|11/06/94|50963|Nyeri|1|2017|3|Peter|Boarder|2016-05-07 11:28:43.101+03
E4D9BF24-8574-463D-A816-A21CEC6CD548|E3CDC578-37BA-4CDB-B150-DAB0409270CD|85C6F08E-902C-46C2-8746-8C50E7D11E2E|46398A47-93F2-4591-B36F-1C28B03CC2F3|922|Deacon|Keane|Aladdin|MALE|12/07/92|67342|Tharaka Nithi|1|2017|3|Denis|Day|2016-05-07 11:28:43.101+03
40F82118-26E7-4CCC-8456-195B5F009478|E3CDC578-37BA-4CDB-B150-DAB0409270CD|85C6F08E-902C-46C2-8746-8C50E7D11E2E|46398A47-93F2-4591-B36F-1C28B03CC2F3|923|Kasper|Raphael|Clayton|MALE|09/07/93|56555|Nyeri|1|2017|3|Peter|Boarder|2016-05-07 11:28:43.101+03
0420916C-304D-4EB8-A847-8B4729E915C1|E3CDC578-37BA-4CDB-B150-DAB0409270CD|85C6F08E-902C-46C2-8746-8C50E7D11E2E|46398A47-93F2-4591-B36F-1C28B03CC2F3|924|Quinn|Finn|Jermaine|MALE|04/05/95|47094|Meru|1|2017|3|Peter|Day|2016-05-07 11:28:43.101+03
199C78A9-4708-451E-8C87-8E6B4F47AAD9|E3CDC578-37BA-4CDB-B150-DAB0409270CD|85C6F08E-902C-46C2-8746-8C50E7D11E2E|46398A47-93F2-4591-B36F-1C28B03CC2F3|925|Hamish|Jameson|Thomas|FEMALE|06/08/96|7046|Meru|1|2017|3|Peter|Boarder|2016-05-07 11:28:43.101+03
B404AA65-25A3-40B0-8462-D377A926354F|E3CDC578-37BA-4CDB-B150-DAB0409270CD|85C6F08E-902C-46C2-8746-8C50E7D11E2E|46398A47-93F2-4591-B36F-1C28B03CC2F3|926|Tobias|Raphael|Jackson|FEMALE|03/06/94|57262|Muranga|1|2017|3|Denis|Day|2016-05-07 11:28:43.101+03
B7B6D6E6-84B1-47F6-AA1B-AA34AEB7D236|E3CDC578-37BA-4CDB-B150-DAB0409270CD|85C6F08E-902C-46C2-8746-8C50E7D11E2E|46398A47-93F2-4591-B36F-1C28B03CC2F3|927|Byron|Hunter|Dante|FEMALE|07/07/94|25243|Nakuru|1|2017|3|Denis|Boarder|2016-05-07 11:28:43.101+03
7559C867-A833-4DA2-816B-51D4636033A3|E3CDC578-37BA-4CDB-B150-DAB0409270CD|85C6F08E-902C-46C2-8746-8C50E7D11E2E|46398A47-93F2-4591-B36F-1C28B03CC2F3|928|Lionel|Nero|Dennis|MALE|02/23/94|31521|Nyeri|1|2017|3|Denis|Day|2016-05-07 11:28:43.101+03
7FC3A038-C5DE-4DEE-AE2D-E2ED230AB328|E3CDC578-37BA-4CDB-B150-DAB0409270CD|85C6F08E-902C-46C2-8746-8C50E7D11E2E|46398A47-93F2-4591-B36F-1C28B03CC2F3|929|Jamal|Ryder|Zane|MALE|04/20/93|62799|Tharaka Nithi|1|2017|3|Denis|Boarder|2016-05-07 11:28:43.101+03
4A4D0394-0FBD-4014-98A5-D3CE9161A568|E3CDC578-37BA-4CDB-B150-DAB0409270CD|85C6F08E-902C-46C2-8746-8C50E7D11E2E|46398A47-93F2-4591-B36F-1C28B03CC2F3|930|Finn|Len|Lewis|MALE|11/06/94|8186|Nakuru|1|2017|3|Denis|Day|2016-05-07 11:28:43.101+03
CB0EF175-8A57-49D7-A1D4-89D0C6E3A497|E3CDC578-37BA-4CDB-B150-DAB0409270CD|85C6F08E-902C-46C2-8746-8C50E7D11E2E|46398A47-93F2-4591-B36F-1C28B03CC2F3|931|Chandler|Murphy|Theodore|FEMALE|11/09/93|72814|Kisumu|1|2017|3|Denis|Boarder|2016-05-07 11:28:43.101+03
309B97E9-72AB-4FD0-A282-8410413ACE46|E3CDC578-37BA-4CDB-B150-DAB0409270CD|85C6F08E-902C-46C2-8746-8C50E7D11E2E|46398A47-93F2-4591-B36F-1C28B03CC2F3|932|Dean|Nathan|Eric|MALE|12/07/92|46954|ELDORET|1|2017|3|Denis|Day|2016-05-07 11:28:43.101+03
307ED34F-D6B5-4EE8-AB44-543305B12085|E3CDC578-37BA-4CDB-B150-DAB0409270CD|85C6F08E-902C-46C2-8746-8C50E7D11E2E|46398A47-93F2-4591-B36F-1C28B03CC2F3|933|Benedict|Duncan|Jared|MALE|12/07/92|68203|ELDORET|1|2017|3|Denis|Boarder|2016-05-07 11:28:43.101+03
97BAC717-C0A7-47F7-9918-C56658E6D792|E3CDC578-37BA-4CDB-B150-DAB0409270CD|85C6F08E-902C-46C2-8746-8C50E7D11E2E|46398A47-93F2-4591-B36F-1C28B03CC2F3|934|Keane|Baxter|Leonard|FEMALE|12/07/92|39880|Tharaka Nithi|1|2017|3|Denis|Day|2016-05-07 11:28:43.101+03
466D93AD-B0D7-4B29-89C0-569A421763D6|E3CDC578-37BA-4CDB-B150-DAB0409270CD|85C6F08E-902C-46C2-8746-8C50E7D11E2E|46398A47-93F2-4591-B36F-1C28B03CC2F3|935|Tanek|Noble|Tarik|MALE|12/07/92|29717|Tharaka Nithi|1|2017|3|Denis|Boarder|2016-05-07 11:28:43.101+03
41C68FA5-4A98-4BB2-B702-68DD844F92B0|E3CDC578-37BA-4CDB-B150-DAB0409270CD|85C6F08E-902C-46C2-8746-8C50E7D11E2E|46398A47-93F2-4591-B36F-1C28B03CC2F3|936|Baxter|Rajah|Grady|FEMALE|12/07/92|18948|Kisumu|1|2017|3|Denis|Day|2016-05-07 11:28:43.101+03
9208D11F-98E8-47B8-8DFC-4215FC2EF127|E3CDC578-37BA-4CDB-B150-DAB0409270CD|85C6F08E-902C-46C2-8746-8C50E7D11E2E|46398A47-93F2-4591-B36F-1C28B03CC2F3|937|Oren|Stone|Ross|MALE|12/07/92|74448|Kisumu|1|2017|3|Denis|Boarder|2016-05-07 11:28:43.101+03
3013780A-61AD-4BAA-8666-C89CC1A555F8|E3CDC578-37BA-4CDB-B150-DAB0409270CD|85C6F08E-902C-46C2-8746-8C50E7D11E2E|46398A47-93F2-4591-B36F-1C28B03CC2F3|938|Stewart|Cody|Erasmus|MALE|12/07/92|88003|Narok|1|2017|3|Denis|Day|2016-05-07 11:28:43.101+03
3C14C92D-9113-4289-8A69-564BF3F3D871|E3CDC578-37BA-4CDB-B150-DAB0409270CD|85C6F08E-902C-46C2-8746-8C50E7D11E2E|46398A47-93F2-4591-B36F-1C28B03CC2F3|939|Ethan|Melvin|Tate|MALE|12/07/92|32638|Muranga|1|2017|3|Denis|Boarder|2016-05-07 11:28:43.101+03
E9888085-FD91-4551-9274-50BA485A9637|E3CDC578-37BA-4CDB-B150-DAB0409270CD|85C6F08E-902C-46C2-8746-8C50E7D11E2E|46398A47-93F2-4591-B36F-1C28B03CC2F3|940|Ulric|Ashton|Brandon|FEMALE|12/07/94|46478|Tharaka Nithi|1|2017|3|Peter|Day|2016-05-07 11:28:43.101+03
DDAD0F9E-C85B-462D-8A57-FCE97AEE4EF0|E3CDC578-37BA-4CDB-B150-DAB0409270CD|85C6F08E-902C-46C2-8746-8C50E7D11E2E|46398A47-93F2-4591-B36F-1C28B03CC2F3|941|Otto|Clark|Fuller|MALE|11/06/94|99508|Nyeri|1|2017|3|Peter|Boarder|2016-05-07 11:28:43.101+03
6799DC5E-5CEB-4D60-BD75-EAA9FFFDE30F|E3CDC578-37BA-4CDB-B150-DAB0409270CD|85C6F08E-902C-46C2-8746-8C50E7D11E2E|46398A47-93F2-4591-B36F-1C28B03CC2F3|942|Jamal|Len|Hu|MALE|12/07/92|36105|Tharaka Nithi|1|2017|3|Denis|Day|2016-05-07 11:28:43.101+03
85728858-0D2E-4DA6-9901-941B737421E5|E3CDC578-37BA-4CDB-B150-DAB0409270CD|85C6F08E-902C-46C2-8746-8C50E7D11E2E|46398A47-93F2-4591-B36F-1C28B03CC2F3|943|Jarrod|Keefe|Rigel|MALE|09/07/93|52383|Nyeri|1|2017|3|Peter|Boarder|2016-05-07 11:28:43.101+03
2A4FD176-029E-4DA0-A08A-036BF438EDE7|E3CDC578-37BA-4CDB-B150-DAB0409270CD|85C6F08E-902C-46C2-8746-8C50E7D11E2E|46398A47-93F2-4591-B36F-1C28B03CC2F3|944|Charles|Ulysses|Noah|MALE|04/05/95|91082|Meru|1|2017|3|Peter|Day|2016-05-07 11:28:43.101+03
1381D1CA-EB72-4D72-A793-D692BE1483C9|E3CDC578-37BA-4CDB-B150-DAB0409270CD|85C6F08E-902C-46C2-8746-8C50E7D11E2E|46398A47-93F2-4591-B36F-1C28B03CC2F3|945|Xenos|Colton|Dante|FEMALE|06/08/96|63608|Meru|1|2017|3|Peter|Boarder|2016-05-07 11:28:43.101+03
81B20DD2-7462-47FB-B597-1BDAA8A9F0EF|E3CDC578-37BA-4CDB-B150-DAB0409270CD|85C6F08E-902C-46C2-8746-8C50E7D11E2E|46398A47-93F2-4591-B36F-1C28B03CC2F3|946|Alvin|Mannix|Howard|FEMALE|03/06/94|84305|Muranga|1|2017|3|Denis|Day|2016-05-07 11:28:43.101+03
0BB327CC-1E4B-497E-9A77-7A49419D95C7|E3CDC578-37BA-4CDB-B150-DAB0409270CD|85C6F08E-902C-46C2-8746-8C50E7D11E2E|46398A47-93F2-4591-B36F-1C28B03CC2F3|947|Clayton|Price|Zahir|FEMALE|07/07/94|83809|Nakuru|1|2017|3|Denis|Boarder|2016-05-07 11:28:43.101+03
AA1B14EB-5CA0-4FA1-B665-697342B2782D|E3CDC578-37BA-4CDB-B150-DAB0409270CD|85C6F08E-902C-46C2-8746-8C50E7D11E2E|46398A47-93F2-4591-B36F-1C28B03CC2F3|948|Conan|Alan|Maxwell|MALE|02/23/94|22446|Nyeri|1|2017|3|Denis|Day|2016-05-07 11:28:43.101+03
5B3BD314-7489-4F0E-8BD8-35DF4DF3FC5C|E3CDC578-37BA-4CDB-B150-DAB0409270CD|85C6F08E-902C-46C2-8746-8C50E7D11E2E|46398A47-93F2-4591-B36F-1C28B03CC2F3|949|Plato|Keegan|Chaney|MALE|04/20/93|99468|Tharaka Nithi|1|2017|3|Denis|Boarder|2016-05-07 11:28:43.101+03
89AE9658-3882-484D-B1D5-9E13F554DF2B|E3CDC578-37BA-4CDB-B150-DAB0409270CD|85C6F08E-902C-46C2-8746-8C50E7D11E2E|46398A47-93F2-4591-B36F-1C28B03CC2F3|950|Nehru|Abel|Forrest|MALE|11/06/94|77055|Nakuru|1|2017|3|Denis|Day|2016-05-07 11:28:43.101+03
87671173-70A4-435F-8C3F-14695782B8CF|E3CDC578-37BA-4CDB-B150-DAB0409270CD|85C6F08E-902C-46C2-8746-8C50E7D11E2E|46398A47-93F2-4591-B36F-1C28B03CC2F3|951|Wang|Dexter|Nolan|FEMALE|11/09/93|59842|Kisumu|1|2017|3|Denis|Boarder|2016-05-07 11:28:43.101+03
3AD1F311-C539-4FED-B840-6B6081BDB2E7|E3CDC578-37BA-4CDB-B150-DAB0409270CD|85C6F08E-902C-46C2-8746-8C50E7D11E2E|46398A47-93F2-4591-B36F-1C28B03CC2F3|952|Robert|Justin|Harper|MALE|12/07/92|12624|ELDORET|1|2017|3|Denis|Day|2016-05-07 11:28:43.101+03
90342A1E-0084-4EB2-9D11-2191B59FA1A6|E3CDC578-37BA-4CDB-B150-DAB0409270CD|85C6F08E-902C-46C2-8746-8C50E7D11E2E|46398A47-93F2-4591-B36F-1C28B03CC2F3|953|Zane|Ira|Clayton|MALE|12/07/92|55221|ELDORET|1|2017|3|Denis|Boarder|2016-05-07 11:28:43.101+03
799CA5BA-3FA6-4773-BC2E-3C68E1213AC6|E3CDC578-37BA-4CDB-B150-DAB0409270CD|85C6F08E-902C-46C2-8746-8C50E7D11E2E|46398A47-93F2-4591-B36F-1C28B03CC2F3|954|Anthony|Scott|Brenden|FEMALE|12/07/92|69240|Tharaka Nithi|1|2017|3|Denis|Day|2016-05-07 11:28:43.101+03
91DA9E7C-CAA1-4438-A1D7-DD071CFAFF8F|E3CDC578-37BA-4CDB-B150-DAB0409270CD|85C6F08E-902C-46C2-8746-8C50E7D11E2E|46398A47-93F2-4591-B36F-1C28B03CC2F3|955|Ali|Lionel|Hector|MALE|12/07/92|13362|Tharaka Nithi|1|2017|3|Denis|Boarder|2016-05-07 11:28:43.101+03
11FFC61B-DCDB-4DEE-B9C5-E9DD22B9E575|E3CDC578-37BA-4CDB-B150-DAB0409270CD|85C6F08E-902C-46C2-8746-8C50E7D11E2E|46398A47-93F2-4591-B36F-1C28B03CC2F3|956|Howard|Kane|Elton|FEMALE|12/07/92|19977|Kisumu|1|2017|3|Denis|Day|2016-05-07 11:28:43.101+03
91DAFF4B-C8B9-4B46-A971-E66955D66332|E3CDC578-37BA-4CDB-B150-DAB0409270CD|85C6F08E-902C-46C2-8746-8C50E7D11E2E|46398A47-93F2-4591-B36F-1C28B03CC2F3|957|Edan|Grant|Benedict|MALE|12/07/92|34106|Kisumu|1|2017|3|Denis|Boarder|2016-05-07 11:28:43.101+03
F5B016C3-DE03-4097-B006-616E8EE832CE|E3CDC578-37BA-4CDB-B150-DAB0409270CD|85C6F08E-902C-46C2-8746-8C50E7D11E2E|46398A47-93F2-4591-B36F-1C28B03CC2F3|958|Preston|Howard|Perry|MALE|12/07/92|94303|Narok|1|2017|3|Denis|Day|2016-05-07 11:28:43.101+03
A2DA52F4-EDAE-4866-9228-634AFC4F5458|E3CDC578-37BA-4CDB-B150-DAB0409270CD|85C6F08E-902C-46C2-8746-8C50E7D11E2E|46398A47-93F2-4591-B36F-1C28B03CC2F3|959|Francis|Myles|Kirk|MALE|12/07/92|66398|Muranga|1|2017|3|Denis|Boarder|2016-05-07 11:28:43.101+03
BBE08494-134E-4E03-B8B6-44D2C9AFF521|E3CDC578-37BA-4CDB-B150-DAB0409270CD|85C6F08E-902C-46C2-8746-8C50E7D11E2E|46398A47-93F2-4591-B36F-1C28B03CC2F3|960|Palmer|Jakeem|Levi|FEMALE|12/07/94|79258|Tharaka Nithi|1|2017|3|Peter|Day|2016-05-07 11:28:43.101+03
D28063C0-F2B8-4A47-9817-19656004C279|E3CDC578-37BA-4CDB-B150-DAB0409270CD|85C6F08E-902C-46C2-8746-8C50E7D11E2E|37D3223A-547E-4BA9-BD0C-28F6187BB5D4|961|Emery|Ethan|James|MALE|11/06/94|78346|Nyeri|1|2017|3|Peter|Boarder|2016-05-07 11:28:43.101+03
C72A3B1C-A13C-462C-BDB7-AFDEFF5F2DA8|E3CDC578-37BA-4CDB-B150-DAB0409270CD|85C6F08E-902C-46C2-8746-8C50E7D11E2E|37D3223A-547E-4BA9-BD0C-28F6187BB5D4|962|Oliver|Carlos|Deacon|MALE|12/07/92|90738|Tharaka Nithi|1|2017|3|Denis|Day|2016-05-07 11:28:43.101+03
9F22612B-A69B-41D3-8819-F71420D6DF2F|E3CDC578-37BA-4CDB-B150-DAB0409270CD|85C6F08E-902C-46C2-8746-8C50E7D11E2E|37D3223A-547E-4BA9-BD0C-28F6187BB5D4|963|Gannon|Ross|Clarke|MALE|09/07/93|87909|Nyeri|1|2017|3|Peter|Boarder|2016-05-07 11:28:43.101+03
E4CBA165-C6EE-4B1D-ADC8-C327B77B6B13|E3CDC578-37BA-4CDB-B150-DAB0409270CD|85C6F08E-902C-46C2-8746-8C50E7D11E2E|37D3223A-547E-4BA9-BD0C-28F6187BB5D4|964|Gray|Dante|Victor|MALE|04/05/95|79530|Meru|1|2017|3|Peter|Day|2016-05-07 11:28:43.101+03
F26BC70F-FDDC-4383-A8D9-E0E5457834D9|E3CDC578-37BA-4CDB-B150-DAB0409270CD|85C6F08E-902C-46C2-8746-8C50E7D11E2E|37D3223A-547E-4BA9-BD0C-28F6187BB5D4|965|Ryan|Xenos|Bevis|FEMALE|06/08/96|10315|Meru|1|2017|3|Peter|Boarder|2016-05-07 11:28:43.101+03
BDBD35C0-F0A5-46F8-AFFF-5F2BBC182C25|E3CDC578-37BA-4CDB-B150-DAB0409270CD|85C6F08E-902C-46C2-8746-8C50E7D11E2E|37D3223A-547E-4BA9-BD0C-28F6187BB5D4|966|Rigel|Len|Hayes|FEMALE|03/06/94|2706|Muranga|1|2017|3|Denis|Day|2016-05-07 11:28:43.101+03
31638728-0D17-4D23-B876-FF238D90B7F9|E3CDC578-37BA-4CDB-B150-DAB0409270CD|85C6F08E-902C-46C2-8746-8C50E7D11E2E|37D3223A-547E-4BA9-BD0C-28F6187BB5D4|967|Micah|Micah|Warren|FEMALE|07/07/94|49665|Nakuru|1|2017|3|Denis|Boarder|2016-05-07 11:28:43.101+03
172EE44D-088A-4766-A021-690628406CB9|E3CDC578-37BA-4CDB-B150-DAB0409270CD|85C6F08E-902C-46C2-8746-8C50E7D11E2E|37D3223A-547E-4BA9-BD0C-28F6187BB5D4|968|Calvin|Hiram|Jameson|MALE|02/23/94|59519|Nyeri|1|2017|3|Denis|Day|2016-05-07 11:28:43.101+03
582A7D9B-1159-40C5-B8EF-21173770BFA3|E3CDC578-37BA-4CDB-B150-DAB0409270CD|85C6F08E-902C-46C2-8746-8C50E7D11E2E|37D3223A-547E-4BA9-BD0C-28F6187BB5D4|969|Jordan|Wesley|Magee|MALE|04/20/93|72687|Tharaka Nithi|1|2017|3|Denis|Boarder|2016-05-07 11:28:43.101+03
777CE711-981A-4613-AAA3-99E1140E90E9|E3CDC578-37BA-4CDB-B150-DAB0409270CD|85C6F08E-902C-46C2-8746-8C50E7D11E2E|37D3223A-547E-4BA9-BD0C-28F6187BB5D4|970|Mark|Herrod|Nathaniel|MALE|11/06/94|5563|Nakuru|1|2017|3|Denis|Day|2016-05-07 11:28:43.101+03
289A87A1-3936-4012-9487-7B5598F672C9|E3CDC578-37BA-4CDB-B150-DAB0409270CD|85C6F08E-902C-46C2-8746-8C50E7D11E2E|37D3223A-547E-4BA9-BD0C-28F6187BB5D4|971|Cullen|Stewart|Byron|FEMALE|11/09/93|48558|Kisumu|1|2017|3|Denis|Boarder|2016-05-07 11:28:43.101+03
F07D8FE7-DA87-40EB-A294-D06BDAC8F438|E3CDC578-37BA-4CDB-B150-DAB0409270CD|85C6F08E-902C-46C2-8746-8C50E7D11E2E|37D3223A-547E-4BA9-BD0C-28F6187BB5D4|972|Gregory|Derek|Bert|MALE|12/07/92|43313|ELDORET|1|2017|3|Denis|Day|2016-05-07 11:28:43.101+03
A2678067-A7A3-4D10-A30C-C3789B180A70|E3CDC578-37BA-4CDB-B150-DAB0409270CD|85C6F08E-902C-46C2-8746-8C50E7D11E2E|37D3223A-547E-4BA9-BD0C-28F6187BB5D4|973|Stephen|Orlando|Bradley|MALE|12/07/92|91850|ELDORET|1|2017|3|Denis|Boarder|2016-05-07 11:28:43.101+03
2F073061-C5C3-4359-B4DE-5E17D74D6620|E3CDC578-37BA-4CDB-B150-DAB0409270CD|85C6F08E-902C-46C2-8746-8C50E7D11E2E|37D3223A-547E-4BA9-BD0C-28F6187BB5D4|974|Armand|Deacon|Samuel|FEMALE|12/07/92|18153|Tharaka Nithi|1|2017|3|Denis|Day|2016-05-07 11:28:43.101+03
539D4A11-2C5B-40BC-91A2-44998747E8AD|E3CDC578-37BA-4CDB-B150-DAB0409270CD|85C6F08E-902C-46C2-8746-8C50E7D11E2E|37D3223A-547E-4BA9-BD0C-28F6187BB5D4|975|Garrison|Paki|Alexander|MALE|12/07/92|19728|Tharaka Nithi|1|2017|3|Denis|Boarder|2016-05-07 11:28:43.101+03
EE943C52-EF11-4D6C-BEBF-CE5901394CB3|E3CDC578-37BA-4CDB-B150-DAB0409270CD|85C6F08E-902C-46C2-8746-8C50E7D11E2E|37D3223A-547E-4BA9-BD0C-28F6187BB5D4|976|Callum|Dalton|Cooper|FEMALE|12/07/92|1004|Kisumu|1|2017|3|Denis|Day|2016-05-07 11:28:43.101+03
743DB4A9-876D-4148-828D-A0CC23B736CC|E3CDC578-37BA-4CDB-B150-DAB0409270CD|85C6F08E-902C-46C2-8746-8C50E7D11E2E|37D3223A-547E-4BA9-BD0C-28F6187BB5D4|977|Benjamin|Baxter|Elijah|MALE|12/07/92|8454|Kisumu|1|2017|3|Denis|Boarder|2016-05-07 11:28:43.101+03
CE880C8E-C8D0-49A3-AA4A-8294F8F3F307|E3CDC578-37BA-4CDB-B150-DAB0409270CD|85C6F08E-902C-46C2-8746-8C50E7D11E2E|37D3223A-547E-4BA9-BD0C-28F6187BB5D4|978|Blaze|Nissim|Barry|MALE|12/07/92|79826|Narok|1|2017|3|Denis|Day|2016-05-07 11:28:43.101+03
20CA9579-140F-4DAB-8587-30AEAD28B04E|E3CDC578-37BA-4CDB-B150-DAB0409270CD|85C6F08E-902C-46C2-8746-8C50E7D11E2E|37D3223A-547E-4BA9-BD0C-28F6187BB5D4|979|Jarrod|Ross|Murphy|MALE|12/07/92|4724|Muranga|1|2017|3|Denis|Boarder|2016-05-07 11:28:43.101+03
505B0413-C444-4B53-99E2-BFA56F3F771A|E3CDC578-37BA-4CDB-B150-DAB0409270CD|85C6F08E-902C-46C2-8746-8C50E7D11E2E|37D3223A-547E-4BA9-BD0C-28F6187BB5D4|980|Dorian|Travis|Ryder|FEMALE|12/07/94|68495|Tharaka Nithi|1|2017|3|Peter|Day|2016-05-07 11:28:43.101+03
A48C8714-0012-4AF0-AE0F-0C3932980FC5|E3CDC578-37BA-4CDB-B150-DAB0409270CD|85C6F08E-902C-46C2-8746-8C50E7D11E2E|37D3223A-547E-4BA9-BD0C-28F6187BB5D4|981|Ivor|Hamilton|Ali|MALE|11/06/94|93341|Nyeri|1|2017|3|Peter|Boarder|2016-05-07 11:28:43.101+03
3DC2A34B-008C-4C2C-BD11-262FB0DA6BB3|E3CDC578-37BA-4CDB-B150-DAB0409270CD|85C6F08E-902C-46C2-8746-8C50E7D11E2E|37D3223A-547E-4BA9-BD0C-28F6187BB5D4|982|Jelani|Carl|Armand|MALE|12/07/92|17093|Tharaka Nithi|1|2017|3|Denis|Day|2016-05-07 11:28:43.101+03
5CF574B4-1464-4BEC-AD86-84639DE8EB1A|E3CDC578-37BA-4CDB-B150-DAB0409270CD|85C6F08E-902C-46C2-8746-8C50E7D11E2E|37D3223A-547E-4BA9-BD0C-28F6187BB5D4|983|Hasad|Alexander|Richard|MALE|09/07/93|93942|Nyeri|1|2017|3|Peter|Boarder|2016-05-07 11:28:43.101+03
7C3BAB0E-C09E-4238-B3C0-9FAF188A53B7|E3CDC578-37BA-4CDB-B150-DAB0409270CD|85C6F08E-902C-46C2-8746-8C50E7D11E2E|37D3223A-547E-4BA9-BD0C-28F6187BB5D4|984|Eric|Tyrone|Cairo|MALE|04/05/95|77240|Meru|1|2017|3|Peter|Day|2016-05-07 11:28:43.101+03
CD23A751-4F7F-4CA4-9B98-CA509B1C9BE9|E3CDC578-37BA-4CDB-B150-DAB0409270CD|85C6F08E-902C-46C2-8746-8C50E7D11E2E|37D3223A-547E-4BA9-BD0C-28F6187BB5D4|985|Philip|Eagan|Dexter|FEMALE|06/08/96|32437|Meru|1|2017|3|Peter|Boarder|2016-05-07 11:28:43.101+03
E3AC3BF6-7832-4CFA-A684-F866CFF1EC03|E3CDC578-37BA-4CDB-B150-DAB0409270CD|85C6F08E-902C-46C2-8746-8C50E7D11E2E|37D3223A-547E-4BA9-BD0C-28F6187BB5D4|986|Matthew|Austin|Elton|FEMALE|03/06/94|10520|Muranga|1|2017|3|Denis|Day|2016-05-07 11:28:43.101+03
54A61629-5C00-42D7-9167-44AC3E6A1D49|E3CDC578-37BA-4CDB-B150-DAB0409270CD|85C6F08E-902C-46C2-8746-8C50E7D11E2E|37D3223A-547E-4BA9-BD0C-28F6187BB5D4|987|Oliver|William|Drew|FEMALE|07/07/94|18212|Nakuru|1|2017|3|Denis|Boarder|2016-05-07 11:28:43.101+03
2F1D0FF2-D63F-42EC-B26C-728328BD2D2E|E3CDC578-37BA-4CDB-B150-DAB0409270CD|85C6F08E-902C-46C2-8746-8C50E7D11E2E|37D3223A-547E-4BA9-BD0C-28F6187BB5D4|988|Zachary|Colorado|Ira|MALE|02/23/94|69722|Nyeri|1|2017|3|Denis|Day|2016-05-07 11:28:43.101+03
6B6E166D-6F1C-4594-AC6F-220CC73C569A|E3CDC578-37BA-4CDB-B150-DAB0409270CD|85C6F08E-902C-46C2-8746-8C50E7D11E2E|37D3223A-547E-4BA9-BD0C-28F6187BB5D4|989|Wylie|Rigel|Cole|MALE|04/20/93|26655|Tharaka Nithi|1|2017|3|Denis|Boarder|2016-05-07 11:28:43.101+03
3F6F8ACF-477F-4E93-9099-524272131150|E3CDC578-37BA-4CDB-B150-DAB0409270CD|85C6F08E-902C-46C2-8746-8C50E7D11E2E|37D3223A-547E-4BA9-BD0C-28F6187BB5D4|990|Vance|Thaddeus|Brenden|MALE|11/06/94|62724|Nakuru|1|2017|3|Denis|Day|2016-05-07 11:28:43.101+03
CEAECA2A-D0DE-4E78-B663-2C2265C56E5A|E3CDC578-37BA-4CDB-B150-DAB0409270CD|85C6F08E-902C-46C2-8746-8C50E7D11E2E|37D3223A-547E-4BA9-BD0C-28F6187BB5D4|991|Dustin|Ira|Bevis|FEMALE|11/09/93|43015|Kisumu|1|2017|3|Denis|Boarder|2016-05-07 11:28:43.101+03
7193EB96-25D8-4FC0-AA1F-F76B0695AB1D|E3CDC578-37BA-4CDB-B150-DAB0409270CD|85C6F08E-902C-46C2-8746-8C50E7D11E2E|37D3223A-547E-4BA9-BD0C-28F6187BB5D4|992|Kennedy|Emmanuel|Jonah|MALE|12/07/92|79317|ELDORET|1|2017|3|Denis|Day|2016-05-07 11:28:43.101+03
9BDEB2F2-AE2F-4D41-95A7-075FE76077C9|E3CDC578-37BA-4CDB-B150-DAB0409270CD|85C6F08E-902C-46C2-8746-8C50E7D11E2E|37D3223A-547E-4BA9-BD0C-28F6187BB5D4|993|Colt|Bruno|Holmes|MALE|12/07/92|84701|ELDORET|1|2017|3|Denis|Boarder|2016-05-07 11:28:43.101+03
40CC3205-3CE2-4FB3-9331-5AC66B8FAA3D|E3CDC578-37BA-4CDB-B150-DAB0409270CD|85C6F08E-902C-46C2-8746-8C50E7D11E2E|37D3223A-547E-4BA9-BD0C-28F6187BB5D4|994|Byron|Marvin|Connor|FEMALE|12/07/92|76927|Tharaka Nithi|1|2017|3|Denis|Day|2016-05-07 11:28:43.101+03
0B19CA51-195B-4FF1-9BC0-2B75DA47A5B2|E3CDC578-37BA-4CDB-B150-DAB0409270CD|85C6F08E-902C-46C2-8746-8C50E7D11E2E|37D3223A-547E-4BA9-BD0C-28F6187BB5D4|995|Camden|Howard|Cyrus|MALE|12/07/92|14261|Tharaka Nithi|1|2017|3|Denis|Boarder|2016-05-07 11:28:43.101+03
745823C6-C558-45D0-A477-B963799C8F28|E3CDC578-37BA-4CDB-B150-DAB0409270CD|85C6F08E-902C-46C2-8746-8C50E7D11E2E|37D3223A-547E-4BA9-BD0C-28F6187BB5D4|996|Marsden|Oleg|Prescott|FEMALE|12/07/92|99028|Kisumu|1|2017|3|Denis|Day|2016-05-07 11:28:43.101+03
9D3BEDC0-924F-434C-8CFE-4EF4EE2323C9|E3CDC578-37BA-4CDB-B150-DAB0409270CD|85C6F08E-902C-46C2-8746-8C50E7D11E2E|37D3223A-547E-4BA9-BD0C-28F6187BB5D4|997|Cade|Giacomo|Quinn|MALE|12/07/92|52527|Kisumu|1|2017|3|Denis|Boarder|2016-05-07 11:28:43.101+03
CC6D62A0-5AA0-46CA-A0AA-C0A651021BDA|E3CDC578-37BA-4CDB-B150-DAB0409270CD|85C6F08E-902C-46C2-8746-8C50E7D11E2E|37D3223A-547E-4BA9-BD0C-28F6187BB5D4|998|Dominic|Keefe|Gabriel|MALE|12/07/92|96563|Narok|1|2017|3|Denis|Day|2016-05-07 11:28:43.101+03
E9E5C637-E205-4479-B0E8-4F547DEFE169|E3CDC578-37BA-4CDB-B150-DAB0409270CD|85C6F08E-902C-46C2-8746-8C50E7D11E2E|37D3223A-547E-4BA9-BD0C-28F6187BB5D4|999|Igor|Cain|Malachi|MALE|12/07/92|83210|Muranga|1|2017|3|Denis|Boarder|2016-05-07 11:28:43.101+03
95251D87-568C-4B6B-9378-1018A934808A|E3CDC578-37BA-4CDB-B150-DAB0409270CD|85C6F08E-902C-46C2-8746-8C50E7D11E2E|37D3223A-547E-4BA9-BD0C-28F6187BB5D4|1000|Howard|Addison|Samuel|FEMALE|12/07/94|14241|Tharaka Nithi|1|2017|3|Peter|Day|2016-05-07 11:28:43.101+03
3AA8BAE9-981D-406C-B388-81337EFB95C7|E3CDC578-37BA-4CDB-B150-DAB0409270CD|85C6F08E-902C-46C2-8746-8C50E7D11E2E|37D3223A-547E-4BA9-BD0C-28F6187BB5D4|1001|Lionel|Jasper|Joseph|MALE|11/06/94|86562|Nyeri|1|2017|3|Peter|Boarder|2016-05-07 11:28:43.101+03
910AAFE9-54B0-42E3-8348-C1ADAA8EC4F6|E3CDC578-37BA-4CDB-B150-DAB0409270CD|85C6F08E-902C-46C2-8746-8C50E7D11E2E|37D3223A-547E-4BA9-BD0C-28F6187BB5D4|1002|Ralph|Kuame|Driscoll|MALE|12/07/92|49009|Tharaka Nithi|1|2017|3|Denis|Day|2016-05-07 11:28:43.101+03
8297AE60-2986-4FEA-9ECD-253652CE5AAE|E3CDC578-37BA-4CDB-B150-DAB0409270CD|85C6F08E-902C-46C2-8746-8C50E7D11E2E|37D3223A-547E-4BA9-BD0C-28F6187BB5D4|1003|Hayes|Dolan|Asher|MALE|09/07/93|39709|Nyeri|1|2017|3|Peter|Boarder|2016-05-07 11:28:43.101+03
19AA4B94-DFA8-46D9-9663-E84B2AEE6AAB|E3CDC578-37BA-4CDB-B150-DAB0409270CD|85C6F08E-902C-46C2-8746-8C50E7D11E2E|37D3223A-547E-4BA9-BD0C-28F6187BB5D4|1004|Raphael|Omar|Nash|MALE|04/05/95|26915|Meru|1|2017|3|Peter|Day|2016-05-07 11:28:43.101+03
B80DF118-2B28-4B7C-9B4F-0938CB025413|E3CDC578-37BA-4CDB-B150-DAB0409270CD|85C6F08E-902C-46C2-8746-8C50E7D11E2E|37D3223A-547E-4BA9-BD0C-28F6187BB5D4|1005|Aquila|Bert|Ulysses|FEMALE|06/08/96|12792|Meru|1|2017|3|Peter|Boarder|2016-05-07 11:28:43.101+03
88598F8E-AFA3-40D3-A3AD-D4D7DE7DB538|E3CDC578-37BA-4CDB-B150-DAB0409270CD|85C6F08E-902C-46C2-8746-8C50E7D11E2E|37D3223A-547E-4BA9-BD0C-28F6187BB5D4|1006|Lewis|Ishmael|Wayne|FEMALE|03/06/94|6518|Muranga|1|2017|3|Denis|Day|2016-05-07 11:28:43.101+03
4643C0D8-5534-4BE8-AF1A-7C7DFD0BA5DB|E3CDC578-37BA-4CDB-B150-DAB0409270CD|85C6F08E-902C-46C2-8746-8C50E7D11E2E|37D3223A-547E-4BA9-BD0C-28F6187BB5D4|1007|Tanek|Lyle|Jack|FEMALE|07/07/94|16386|Nakuru|1|2017|3|Denis|Boarder|2016-05-07 11:28:43.101+03
BC134D9A-C501-46EA-8578-AC197DC48A88|E3CDC578-37BA-4CDB-B150-DAB0409270CD|85C6F08E-902C-46C2-8746-8C50E7D11E2E|37D3223A-547E-4BA9-BD0C-28F6187BB5D4|1008|Ryan|Ali|Prescott|MALE|02/23/94|84855|Nyeri|1|2017|3|Denis|Day|2016-05-07 11:28:43.101+03
B208DFF0-E0DE-4EDD-8682-852408D7E031|E3CDC578-37BA-4CDB-B150-DAB0409270CD|85C6F08E-902C-46C2-8746-8C50E7D11E2E|37D3223A-547E-4BA9-BD0C-28F6187BB5D4|1009|Damon|Nathaniel|Forrest|MALE|04/20/93|72423|Tharaka Nithi|1|2017|3|Denis|Boarder|2016-05-07 11:28:43.101+03
1DFB8B07-F776-4A7A-9042-A1B6E0C3A970|E3CDC578-37BA-4CDB-B150-DAB0409270CD|85C6F08E-902C-46C2-8746-8C50E7D11E2E|37D3223A-547E-4BA9-BD0C-28F6187BB5D4|1010|William|Eagan|Derek|MALE|11/06/94|53015|Nakuru|1|2017|3|Denis|Day|2016-05-07 11:28:43.101+03
EA790CE4-0C54-4EEC-A6FA-F299E60517F5|E3CDC578-37BA-4CDB-B150-DAB0409270CD|85C6F08E-902C-46C2-8746-8C50E7D11E2E|37D3223A-547E-4BA9-BD0C-28F6187BB5D4|1011|Ian|Ryan|Matthew|FEMALE|11/09/93|324|Kisumu|1|2017|3|Denis|Boarder|2016-05-07 11:28:43.101+03
12050094-A227-4531-BC57-F990E4285943|E3CDC578-37BA-4CDB-B150-DAB0409270CD|85C6F08E-902C-46C2-8746-8C50E7D11E2E|37D3223A-547E-4BA9-BD0C-28F6187BB5D4|1012|Kuame|Malcolm|Jerry|MALE|12/07/92|62124|ELDORET|1|2017|3|Denis|Day|2016-05-07 11:28:43.101+03
9323CB91-A36D-460C-B5D0-2F440977CA44|E3CDC578-37BA-4CDB-B150-DAB0409270CD|85C6F08E-902C-46C2-8746-8C50E7D11E2E|37D3223A-547E-4BA9-BD0C-28F6187BB5D4|1013|Ronan|Carter|Thor|MALE|12/07/92|3910|ELDORET|1|2017|3|Denis|Boarder|2016-05-07 11:28:43.101+03
0AF1C702-24AB-4024-B173-24C470078433|E3CDC578-37BA-4CDB-B150-DAB0409270CD|85C6F08E-902C-46C2-8746-8C50E7D11E2E|37D3223A-547E-4BA9-BD0C-28F6187BB5D4|1014|Grady|Peter|Jack|FEMALE|12/07/92|25969|Tharaka Nithi|1|2017|3|Denis|Day|2016-05-07 11:28:43.101+03
D3AAD922-38D5-46D1-A331-1BF46D629479|E3CDC578-37BA-4CDB-B150-DAB0409270CD|85C6F08E-902C-46C2-8746-8C50E7D11E2E|37D3223A-547E-4BA9-BD0C-28F6187BB5D4|1015|Maxwell|Holmes|Moses|MALE|12/07/92|70307|Tharaka Nithi|1|2017|3|Denis|Boarder|2016-05-07 11:28:43.101+03
4B55AA3A-1B40-431F-8658-2F2367F2AE8F|E3CDC578-37BA-4CDB-B150-DAB0409270CD|85C6F08E-902C-46C2-8746-8C50E7D11E2E|37D3223A-547E-4BA9-BD0C-28F6187BB5D4|1016|Flynn|Kadeem|Talon|FEMALE|12/07/92|52191|Kisumu|1|2017|3|Denis|Day|2016-05-07 11:28:43.101+03
81F2CC53-D7D2-44FC-922D-980D7DC11F37|E3CDC578-37BA-4CDB-B150-DAB0409270CD|85C6F08E-902C-46C2-8746-8C50E7D11E2E|37D3223A-547E-4BA9-BD0C-28F6187BB5D4|1017|Cameron|Judah|Linus|MALE|12/07/92|49305|Kisumu|1|2017|3|Denis|Boarder|2016-05-07 11:28:43.101+03
3EB16048-5FE7-4FDB-952D-C156C395534C|E3CDC578-37BA-4CDB-B150-DAB0409270CD|85C6F08E-902C-46C2-8746-8C50E7D11E2E|37D3223A-547E-4BA9-BD0C-28F6187BB5D4|1018|Yardley|Adam|Hop|MALE|12/07/92|81967|Narok|1|2017|3|Denis|Day|2016-05-07 11:28:43.101+03
8D0E34C2-E477-4CB8-8FBF-4D94EC4B043E|E3CDC578-37BA-4CDB-B150-DAB0409270CD|85C6F08E-902C-46C2-8746-8C50E7D11E2E|37D3223A-547E-4BA9-BD0C-28F6187BB5D4|1019|Lane|Basil|Galvin|MALE|12/07/92|43894|Muranga|1|2017|3|Denis|Boarder|2016-05-07 11:28:43.101+03
E2F64CC7-D0E4-421E-9FF4-3453624BE455|E3CDC578-37BA-4CDB-B150-DAB0409270CD|85C6F08E-902C-46C2-8746-8C50E7D11E2E|37D3223A-547E-4BA9-BD0C-28F6187BB5D4|1020|Francis|Callum|Justin|FEMALE|12/07/94|28825|Tharaka Nithi|1|2017|3|Peter|Day|2016-05-07 11:28:43.101+03
C65A996F-D03D-4D96-9CE7-252175F01AFB|E3CDC578-37BA-4CDB-B150-DAB0409270CD|85C6F08E-902C-46C2-8746-8C50E7D11E2E|58444390-EFCA-4C4B-9010-577C31499A63|1021|Baxter|Curran|Carter|FEMALE|02/23/94|28826|Kisumu|1|2019|3|Denis|Boarder|2016-05-07 11:28:43.101+03
754C2BDA-35B5-4799-8A2C-94E7C57CA8AB|E3CDC578-37BA-4CDB-B150-DAB0409270CD|85C6F08E-902C-46C2-8746-8C50E7D11E2E|58444390-EFCA-4C4B-9010-577C31499A63|1022|Prescott|Melvin|Marshall|MALE|04/20/93|28827|Narok|1|2019|3|Denis|Day|2016-05-07 11:28:43.101+03
12C5CC17-8C11-4572-AAB2-20E9A063C699|E3CDC578-37BA-4CDB-B150-DAB0409270CD|85C6F08E-902C-46C2-8746-8C50E7D11E2E|58444390-EFCA-4C4B-9010-577C31499A63|1023|Clinton|Benedict|Brian|MALE|11/06/94|28828|Muranga|1|2019|3|Denis|Boarder|2016-05-07 11:28:43.101+03
08F810FF-B734-48E0-A9C8-A5574F2AADA8|E3CDC578-37BA-4CDB-B150-DAB0409270CD|85C6F08E-902C-46C2-8746-8C50E7D11E2E|58444390-EFCA-4C4B-9010-577C31499A63|1024|Griffin|Felix|Peter|MALE|11/09/93|28829|Tharaka Nithi|1|2019|3|Peter|Day|2016-05-07 11:28:43.101+03
51CBE1C4-1CA5-45FC-B707-921D1B38F018|E3CDC578-37BA-4CDB-B150-DAB0409270CD|85C6F08E-902C-46C2-8746-8C50E7D11E2E|58444390-EFCA-4C4B-9010-577C31499A63|1025|Amos|Akeem|Kuame|FEMALE|12/07/92|28830|Nyeri|1|2019|3|Peter|Boarder|2016-05-07 11:28:43.101+03
4FD1738D-3A86-455A-B971-C371D658B926|E3CDC578-37BA-4CDB-B150-DAB0409270CD|85C6F08E-902C-46C2-8746-8C50E7D11E2E|58444390-EFCA-4C4B-9010-577C31499A63|1026|Bradley|Colton|Gavin|MALE|12/07/92|28831|Tharaka Nithi|1|2019|3|Denis|Day|2016-05-07 11:28:43.101+03
908375E6-8E8B-4339-A2E3-39E2A1BFEE43|E3CDC578-37BA-4CDB-B150-DAB0409270CD|85C6F08E-902C-46C2-8746-8C50E7D11E2E|58444390-EFCA-4C4B-9010-577C31499A63|1027|Kyle|Hammett|Blake|MALE|12/07/92|28832|Nyeri|1|2019|3|Peter|Boarder|2016-05-07 11:28:43.101+03
83DA7896-B2F1-49A9-B75A-70CA04A97B68|E3CDC578-37BA-4CDB-B150-DAB0409270CD|85C6F08E-902C-46C2-8746-8C50E7D11E2E|58444390-EFCA-4C4B-9010-577C31499A63|1028|Zachery|Christian|Chadwick|FEMALE|12/07/92|28833|Meru|1|2019|3|Peter|Day|2016-05-07 11:28:43.101+03
499ADCBF-9C19-4BE5-BA51-616B58BB05C3|E3CDC578-37BA-4CDB-B150-DAB0409270CD|85C6F08E-902C-46C2-8746-8C50E7D11E2E|58444390-EFCA-4C4B-9010-577C31499A63|1029|Leroy|Beck|Brody|MALE|12/07/92|28834|Meru|1|2019|3|Peter|Boarder|2016-05-07 11:28:43.101+03
E59703FC-BA9B-4818-AD11-984D76210FE9|E3CDC578-37BA-4CDB-B150-DAB0409270CD|85C6F08E-902C-46C2-8746-8C50E7D11E2E|58444390-EFCA-4C4B-9010-577C31499A63|1030|Damian|Keith|Tad|FEMALE|12/07/92|28835|Muranga|1|2019|3|Denis|Day|2016-05-07 11:28:43.101+03
66F6CF06-FACD-4A39-B5CF-5001F5D4194E|E3CDC578-37BA-4CDB-B150-DAB0409270CD|85C6F08E-902C-46C2-8746-8C50E7D11E2E|58444390-EFCA-4C4B-9010-577C31499A63|1031|Gage|Alan|Len|MALE|12/07/92|28836|Nakuru|1|2019|3|Denis|Boarder|2016-05-07 11:28:43.101+03
97F05ACC-2A03-4AA8-ACB8-3F9FADCC9486|E3CDC578-37BA-4CDB-B150-DAB0409270CD|85C6F08E-902C-46C2-8746-8C50E7D11E2E|58444390-EFCA-4C4B-9010-577C31499A63|1032|Igor|Marvin|Rudyard|MALE|12/07/92|28837|Nyeri|1|2019|3|Denis|Day|2016-05-07 11:28:43.101+03
C7C8FA02-9451-47F9-95BF-4DDCBB60FFCF|E3CDC578-37BA-4CDB-B150-DAB0409270CD|85C6F08E-902C-46C2-8746-8C50E7D11E2E|58444390-EFCA-4C4B-9010-577C31499A63|1033|Wing|Kaseem|Acton|MALE|12/07/94|28838|Tharaka Nithi|1|2019|3|Denis|Boarder|2016-05-07 11:28:43.101+03
83FA197B-664B-4955-BD5E-8B074CBE63A3|E3CDC578-37BA-4CDB-B150-DAB0409270CD|85C6F08E-902C-46C2-8746-8C50E7D11E2E|58444390-EFCA-4C4B-9010-577C31499A63|1034|Lyle|Josiah|Igor|FEMALE|11/06/94|28839|Nakuru|1|2019|3|Denis|Day|2016-05-07 11:28:43.101+03
794ABEAB-352A-4261-A218-EEF2EDFD5428|E3CDC578-37BA-4CDB-B150-DAB0409270CD|85C6F08E-902C-46C2-8746-8C50E7D11E2E|58444390-EFCA-4C4B-9010-577C31499A63|1035|Jelani|Jackson|Dennis|FEMALE|12/07/92|28840|Kisumu|1|2019|3|Denis|Boarder|2016-05-07 11:28:43.101+03
B5E2CA94-9BF5-47C4-B44E-36938F03EECC|E3CDC578-37BA-4CDB-B150-DAB0409270CD|85C6F08E-902C-46C2-8746-8C50E7D11E2E|58444390-EFCA-4C4B-9010-577C31499A63|1036|Hamish|Kennan|Ishmael|MALE|09/07/93|28841|ELDORET|1|2019|3|Denis|Day|2016-05-07 11:28:43.101+03
01A330A1-EA96-4D4F-BADD-622010A5CF74|E3CDC578-37BA-4CDB-B150-DAB0409270CD|85C6F08E-902C-46C2-8746-8C50E7D11E2E|58444390-EFCA-4C4B-9010-577C31499A63|1037|Zeph|Kyle|Malcolm|MALE|04/05/95|28842|ELDORET|1|2019|3|Denis|Boarder|2016-05-07 11:28:43.101+03
989A7D0A-8D13-462D-AB3F-20FC93FC0610|E3CDC578-37BA-4CDB-B150-DAB0409270CD|85C6F08E-902C-46C2-8746-8C50E7D11E2E|58444390-EFCA-4C4B-9010-577C31499A63|1038|Ferris|Ivan|Xander|MALE|06/08/96|28843|Tharaka Nithi|1|2019|3|Denis|Day|2016-05-07 11:28:43.101+03
42A26815-CF73-4AFE-B336-B1DBFE4C5DE8|E3CDC578-37BA-4CDB-B150-DAB0409270CD|85C6F08E-902C-46C2-8746-8C50E7D11E2E|58444390-EFCA-4C4B-9010-577C31499A63|1039|Chandler|Vaughan|Jermaine|FEMALE|03/06/94|28844|Tharaka Nithi|1|2019|3|Denis|Boarder|2016-05-07 11:28:43.101+03
6FB357B5-B6AB-4CBD-B717-47139C155C3A|E3CDC578-37BA-4CDB-B150-DAB0409270CD|85C6F08E-902C-46C2-8746-8C50E7D11E2E|58444390-EFCA-4C4B-9010-577C31499A63|1040|Marshall|Cain|Clinton|MALE|02/23/94|28845|Kisumu|1|2019|3|Denis|Day|2016-05-07 11:28:43.101+03
230FD046-73F1-4958-9A82-D801610E11FA|E3CDC578-37BA-4CDB-B150-DAB0409270CD|85C6F08E-902C-46C2-8746-8C50E7D11E2E|58444390-EFCA-4C4B-9010-577C31499A63|1041|Ryan|Dorian|Jacob|MALE|04/20/93|28846|Kisumu|1|2019|3|Denis|Boarder|2016-05-07 11:28:43.101+03
0FE377D0-F95C-422C-B029-E7E75BB06A4B|E3CDC578-37BA-4CDB-B150-DAB0409270CD|85C6F08E-902C-46C2-8746-8C50E7D11E2E|58444390-EFCA-4C4B-9010-577C31499A63|1042|Kareem|Dominic|Garth|FEMALE|11/06/94|28847|Narok|1|2019|3|Denis|Day|2016-05-07 11:28:43.101+03
F2E280C3-7CFA-4A6A-8598-B105812BD06F|E3CDC578-37BA-4CDB-B150-DAB0409270CD|85C6F08E-902C-46C2-8746-8C50E7D11E2E|58444390-EFCA-4C4B-9010-577C31499A63|1043|Hamish|Graiden|Joshua|MALE|11/09/93|28848|Muranga|1|2019|3|Denis|Boarder|2016-05-07 11:28:43.101+03
5C19B3DF-6F82-40B3-A11A-79FCCEE6B70B|E3CDC578-37BA-4CDB-B150-DAB0409270CD|85C6F08E-902C-46C2-8746-8C50E7D11E2E|58444390-EFCA-4C4B-9010-577C31499A63|1044|Peter|Porter|Luke|FEMALE|12/07/92|28849|Tharaka Nithi|1|2019|3|Peter|Day|2016-05-07 11:28:43.101+03
9C80D7BE-52F5-4F72-8DE4-E37A0B7172F9|E3CDC578-37BA-4CDB-B150-DAB0409270CD|85C6F08E-902C-46C2-8746-8C50E7D11E2E|58444390-EFCA-4C4B-9010-577C31499A63|1045|Paki|Fletcher|Zephania|MALE|12/07/92|28850|Kisumu|1|2019|3|Denis|Boarder|2016-05-07 11:28:43.101+03
92D792CD-853C-4CCB-B423-CE6C620E65F4|E3CDC578-37BA-4CDB-B150-DAB0409270CD|85C6F08E-902C-46C2-8746-8C50E7D11E2E|58444390-EFCA-4C4B-9010-577C31499A63|1046|Lucian|Demetrius|Knox|MALE|12/07/92|28851|Narok|1|2019|3|Denis|Day|2016-05-07 11:28:43.101+03
B470F594-3E52-4B5A-ACF4-E3EE432714E5|E3CDC578-37BA-4CDB-B150-DAB0409270CD|85C6F08E-902C-46C2-8746-8C50E7D11E2E|58444390-EFCA-4C4B-9010-577C31499A63|1047|Lester|Lee|Adam|MALE|12/07/92|28852|Muranga|1|2019|3|Denis|Boarder|2016-05-07 11:28:43.101+03
B97BF159-E609-48CF-B3BD-F509E4A72043|E3CDC578-37BA-4CDB-B150-DAB0409270CD|85C6F08E-902C-46C2-8746-8C50E7D11E2E|58444390-EFCA-4C4B-9010-577C31499A63|1048|Dolan|Todd|Brenden|FEMALE|12/07/92|28853|Tharaka Nithi|1|2019|3|Peter|Day|2016-05-07 11:28:43.101+03
04BB856A-856E-43AE-B305-FD85AFBD2FFF|E3CDC578-37BA-4CDB-B150-DAB0409270CD|85C6F08E-902C-46C2-8746-8C50E7D11E2E|58444390-EFCA-4C4B-9010-577C31499A63|1049|Joel|Orson|Calvin|FEMALE|12/07/92|28854|Nyeri|1|2019|3|Peter|Boarder|2016-05-07 11:28:43.101+03
ADD9AA97-52E1-4117-92DE-DF1BFCAB00BC|E3CDC578-37BA-4CDB-B150-DAB0409270CD|85C6F08E-902C-46C2-8746-8C50E7D11E2E|58444390-EFCA-4C4B-9010-577C31499A63|1050|Brenden|Benjamin|Hasad|MALE|12/07/92|28855|Tharaka Nithi|1|2019|3|Denis|Day|2016-05-07 11:28:43.101+03
6600539C-3A0B-45F8-A1B2-69F709D717D5|E3CDC578-37BA-4CDB-B150-DAB0409270CD|85C6F08E-902C-46C2-8746-8C50E7D11E2E|58444390-EFCA-4C4B-9010-577C31499A63|1051|Tyler|Hayes|Perry|MALE|12/07/92|28856|Nyeri|1|2019|3|Peter|Boarder|2016-05-07 11:28:43.101+03
D9D3AE3C-E591-45B9-8779-74B5BB832186|E3CDC578-37BA-4CDB-B150-DAB0409270CD|85C6F08E-902C-46C2-8746-8C50E7D11E2E|58444390-EFCA-4C4B-9010-577C31499A63|1052|Deacon|Yasir|Eric|MALE|12/07/94|28857|Meru|1|2019|3|Peter|Day|2016-05-07 11:28:43.101+03
25798F46-9001-4CA9-9CC1-5BBCD885465B|E3CDC578-37BA-4CDB-B150-DAB0409270CD|85C6F08E-902C-46C2-8746-8C50E7D11E2E|58444390-EFCA-4C4B-9010-577C31499A63|1053|Armand|Alan|Curran|FEMALE|11/06/94|28858|Meru|1|2019|3|Peter|Boarder|2016-05-07 11:28:43.101+03
0EABB394-4C93-47FC-A480-01F12E29BA27|E3CDC578-37BA-4CDB-B150-DAB0409270CD|85C6F08E-902C-46C2-8746-8C50E7D11E2E|58444390-EFCA-4C4B-9010-577C31499A63|1054|Garrett|Kenyon|Burton|MALE|12/07/92|28859|Muranga|1|2019|3|Denis|Day|2016-05-07 11:28:43.101+03
0B084961-A64F-41A1-A154-EC39C9039D89|E3CDC578-37BA-4CDB-B150-DAB0409270CD|85C6F08E-902C-46C2-8746-8C50E7D11E2E|58444390-EFCA-4C4B-9010-577C31499A63|1055|Octavius|Malachi|Kermit|MALE|09/07/93|28860|Nakuru|1|2019|3|Denis|Boarder|2016-05-07 11:28:43.101+03
2E696E43-12D8-4304-8E74-14C0F8239C8B|E3CDC578-37BA-4CDB-B150-DAB0409270CD|85C6F08E-902C-46C2-8746-8C50E7D11E2E|58444390-EFCA-4C4B-9010-577C31499A63|1056|Barclay|Aidan|Grant|FEMALE|04/05/95|28861|Nyeri|1|2019|3|Denis|Day|2016-05-07 11:28:43.101+03
DB4A113F-DD71-4D65-BDD6-140EE8CFA057|E3CDC578-37BA-4CDB-B150-DAB0409270CD|85C6F08E-902C-46C2-8746-8C50E7D11E2E|58444390-EFCA-4C4B-9010-577C31499A63|1057|Sean|Edward|Oleg|MALE|06/08/96|28862|Tharaka Nithi|1|2019|3|Denis|Boarder|2016-05-07 11:28:43.101+03
A7BFB70C-1537-4543-818E-1A26631EB726|E3CDC578-37BA-4CDB-B150-DAB0409270CD|85C6F08E-902C-46C2-8746-8C50E7D11E2E|58444390-EFCA-4C4B-9010-577C31499A63|1058|Colin|Cole|Lev|FEMALE|03/06/94|28863|Nakuru|1|2019|3|Denis|Day|2016-05-07 11:28:43.101+03
57B87F21-6FA6-4A6D-9B44-352C421399D2|E3CDC578-37BA-4CDB-B150-DAB0409270CD|85C6F08E-902C-46C2-8746-8C50E7D11E2E|58444390-EFCA-4C4B-9010-577C31499A63|1059|Hiram|Honorato|Ferris|MALE|02/23/94|28864|Kisumu|1|2019|3|Denis|Boarder|2016-05-07 11:28:43.101+03
3A5DAE15-6E75-49EB-A01E-BD0245CF5E49|E3CDC578-37BA-4CDB-B150-DAB0409270CD|85C6F08E-902C-46C2-8746-8C50E7D11E2E|58444390-EFCA-4C4B-9010-577C31499A63|1060|Stewart|Dennis|Uriah|MALE|04/20/93|28865|ELDORET|1|2019|3|Denis|Day|2016-05-07 11:28:43.101+03
FB79819F-8376-4095-B7F7-AC1F0A0AC176|E3CDC578-37BA-4CDB-B150-DAB0409270CD|85C6F08E-902C-46C2-8746-8C50E7D11E2E|58444390-EFCA-4C4B-9010-577C31499A63|1061|Kennedy|Nathan|Lucian|MALE|11/06/94|28866|ELDORET|1|2019|3|Denis|Boarder|2016-05-07 11:28:43.101+03
221BF4A4-CAF5-4DD2-AF83-A77E631EF111|E3CDC578-37BA-4CDB-B150-DAB0409270CD|85C6F08E-902C-46C2-8746-8C50E7D11E2E|58444390-EFCA-4C4B-9010-577C31499A63|1062|Dante|Colin|Nigel|FEMALE|11/09/93|28867|Tharaka Nithi|1|2019|3|Denis|Day|2016-05-07 11:28:43.101+03
7265407E-3324-4A80-846B-5C83BDFE24F1|E3CDC578-37BA-4CDB-B150-DAB0409270CD|85C6F08E-902C-46C2-8746-8C50E7D11E2E|58444390-EFCA-4C4B-9010-577C31499A63|1063|Isaac|Marsden|Silas|FEMALE|12/07/92|28868|Tharaka Nithi|1|2019|3|Denis|Boarder|2016-05-07 11:28:43.101+03
6B7068BA-069E-4DBA-94FA-D79BC7EA1248|E3CDC578-37BA-4CDB-B150-DAB0409270CD|85C6F08E-902C-46C2-8746-8C50E7D11E2E|D3733507-C113-4795-91ED-D3CD8039EA03|1064|Thomas|Patrick|Abdul|MALE|12/07/94|28869|ELDORET|1|2019|3|Denis|Day|2016-05-07 11:28:43.101+03
D14B8BC3-9777-48D7-936C-376176C3BFE3|E3CDC578-37BA-4CDB-B150-DAB0409270CD|85C6F08E-902C-46C2-8746-8C50E7D11E2E|D3733507-C113-4795-91ED-D3CD8039EA03|1065|Gareth|Merrill|Cairo|FEMALE|11/06/94|28870|Tharaka Nithi|1|2019|3|Denis|Boarder|2016-05-07 11:28:43.101+03
5F43BD29-BE46-4C55-BA9E-0F195233EDED|E3CDC578-37BA-4CDB-B150-DAB0409270CD|85C6F08E-902C-46C2-8746-8C50E7D11E2E|D3733507-C113-4795-91ED-D3CD8039EA03|1066|Curran|Chaim|Allen|MALE|12/07/92|28871|Tharaka Nithi|1|2019|3|Denis|Day|2016-05-07 11:28:43.101+03
ACD7008B-EF21-483B-8379-54C8A4D3A866|E3CDC578-37BA-4CDB-B150-DAB0409270CD|85C6F08E-902C-46C2-8746-8C50E7D11E2E|D3733507-C113-4795-91ED-D3CD8039EA03|1067|Ashton|Colorado|Upton|MALE|09/07/93|28872|Kisumu|1|2019|3|Denis|Boarder|2016-05-07 11:28:43.101+03
07F42ECC-7E24-4630-A5EC-4ED7FD3D9A0B|E3CDC578-37BA-4CDB-B150-DAB0409270CD|85C6F08E-902C-46C2-8746-8C50E7D11E2E|D3733507-C113-4795-91ED-D3CD8039EA03|1068|Hall|Ray|Amos|FEMALE|04/05/95|28873|Kisumu|1|2019|3|Denis|Day|2016-05-07 11:28:43.101+03
50B56335-DA2C-400C-8788-1F665E5704D3|E3CDC578-37BA-4CDB-B150-DAB0409270CD|85C6F08E-902C-46C2-8746-8C50E7D11E2E|D3733507-C113-4795-91ED-D3CD8039EA03|1069|Dustin|Hayden|Dane|MALE|06/08/96|28874|Narok|1|2019|3|Denis|Boarder|2016-05-07 11:28:43.101+03
C4F52BB8-C0FB-400C-818B-1F4271249DE5|E3CDC578-37BA-4CDB-B150-DAB0409270CD|85C6F08E-902C-46C2-8746-8C50E7D11E2E|D3733507-C113-4795-91ED-D3CD8039EA03|1070|Jerry|Magee|Kenyon|FEMALE|03/06/94|28875|Muranga|1|2019|3|Denis|Day|2016-05-07 11:28:43.101+03
5E08A40F-9427-424B-9C7C-0FE5FD2BED32|E3CDC578-37BA-4CDB-B150-DAB0409270CD|85C6F08E-902C-46C2-8746-8C50E7D11E2E|D3733507-C113-4795-91ED-D3CD8039EA03|1071|Hiram|Benjamin|Kasper|MALE|02/23/94|28876|Tharaka Nithi|1|2019|3|Peter|Boarder|2016-05-07 11:28:43.101+03
36ED94CB-08DF-48CF-8DA2-CA6365ACBB0B|E3CDC578-37BA-4CDB-B150-DAB0409270CD|85C6F08E-902C-46C2-8746-8C50E7D11E2E|D3733507-C113-4795-91ED-D3CD8039EA03|1072|Plato|Rogan|Griffith|MALE|04/20/93|28877|Kisumu|1|2019|3|Denis|Day|2016-05-07 11:28:43.101+03
366D7C25-51C5-4A0B-9128-A3F52FE6D5EE|E3CDC578-37BA-4CDB-B150-DAB0409270CD|85C6F08E-902C-46C2-8746-8C50E7D11E2E|D3733507-C113-4795-91ED-D3CD8039EA03|1073|Kennedy|Leo|Ivan|MALE|11/06/94|28878|Narok|1|2019|3|Denis|Boarder|2016-05-07 11:28:43.101+03
B38A36EC-A66C-4738-9F86-56DECD1B160F|E3CDC578-37BA-4CDB-B150-DAB0409270CD|85C6F08E-902C-46C2-8746-8C50E7D11E2E|D3733507-C113-4795-91ED-D3CD8039EA03|1074|Cade|Callum|Paul|FEMALE|11/09/93|28879|Muranga|1|2019|3|Denis|Day|2016-05-07 11:28:43.101+03
27A748F4-C0CF-4BEF-821B-AB42D738622C|E3CDC578-37BA-4CDB-B150-DAB0409270CD|85C6F08E-902C-46C2-8746-8C50E7D11E2E|D3733507-C113-4795-91ED-D3CD8039EA03|1075|Cody|Reuben|Alexander|FEMALE|12/07/92|28880|Tharaka Nithi|1|2019|3|Peter|Boarder|2016-05-07 11:28:43.101+03
674E095E-B54C-4353-AC9E-BACE342C7D5B|E3CDC578-37BA-4CDB-B150-DAB0409270CD|85C6F08E-902C-46C2-8746-8C50E7D11E2E|D3733507-C113-4795-91ED-D3CD8039EA03|1076|Reese|Emery|Brian|MALE|12/07/94|28881|Nyeri|1|2019|3|Peter|Day|2016-05-07 11:28:43.101+03
20936997-90CE-4251-872B-AB9D91F71125|E3CDC578-37BA-4CDB-B150-DAB0409270CD|85C6F08E-902C-46C2-8746-8C50E7D11E2E|D3733507-C113-4795-91ED-D3CD8039EA03|1077|Bruno|Ulric|Ivan|FEMALE|11/06/94|28882|Tharaka Nithi|1|2019|3|Denis|Boarder|2016-05-07 11:28:43.101+03
0937EA44-F95B-4FF4-A4E0-2CA91CC60CAF|E3CDC578-37BA-4CDB-B150-DAB0409270CD|85C6F08E-902C-46C2-8746-8C50E7D11E2E|D3733507-C113-4795-91ED-D3CD8039EA03|1078|Edward|Ivan|Brody|MALE|12/07/92|28883|Nyeri|1|2019|3|Peter|Day|2016-05-07 11:28:43.101+03
93338C52-D8D1-4021-B48B-19F0B0E9B21E|E3CDC578-37BA-4CDB-B150-DAB0409270CD|85C6F08E-902C-46C2-8746-8C50E7D11E2E|D3733507-C113-4795-91ED-D3CD8039EA03|1079|Chaney|Fritz|Garrison|MALE|09/07/93|28884|Meru|1|2019|3|Peter|Boarder|2016-05-07 11:28:43.101+03
2AE44D35-CBC9-4442-B5BE-B8B0602657B2|E3CDC578-37BA-4CDB-B150-DAB0409270CD|85C6F08E-902C-46C2-8746-8C50E7D11E2E|D3733507-C113-4795-91ED-D3CD8039EA03|1080|Curran|Lars|Rafael|FEMALE|04/05/95|28885|Meru|1|2019|3|Peter|Day|2016-05-07 11:28:43.101+03
C25B83A9-792E-481E-BE0B-2C04DE97DE12|E3CDC578-37BA-4CDB-B150-DAB0409270CD|85C6F08E-902C-46C2-8746-8C50E7D11E2E|D3733507-C113-4795-91ED-D3CD8039EA03|1081|Adrian|Ashton|Jelani|MALE|06/08/96|28886|Muranga|1|2019|3|Denis|Boarder|2016-05-07 11:28:43.101+03
FC786FD1-9C26-4783-A0B8-2F250F806610|E3CDC578-37BA-4CDB-B150-DAB0409270CD|85C6F08E-902C-46C2-8746-8C50E7D11E2E|D3733507-C113-4795-91ED-D3CD8039EA03|1082|Ferris|Jeremy|Omar|FEMALE|03/06/94|28887|Nakuru|1|2019|3|Denis|Day|2016-05-07 11:28:43.101+03
AE9ED18A-8761-40CE-BA1E-B4F3D4274504|E3CDC578-37BA-4CDB-B150-DAB0409270CD|85C6F08E-902C-46C2-8746-8C50E7D11E2E|D3733507-C113-4795-91ED-D3CD8039EA03|1083|Alec|Boris|Linus|MALE|02/23/94|28888|Nyeri|1|2019|3|Denis|Boarder|2016-05-07 11:28:43.101+03
8AACF062-36FE-4D43-895B-E1CFDFA4EE93|E3CDC578-37BA-4CDB-B150-DAB0409270CD|85C6F08E-902C-46C2-8746-8C50E7D11E2E|D3733507-C113-4795-91ED-D3CD8039EA03|1084|Solomon|Quinlan|Murphy|MALE|04/20/93|28889|Tharaka Nithi|1|2019|3|Denis|Day|2016-05-07 11:28:43.101+03
F1D6D93A-51E3-4CEC-9470-A8941914E615|E3CDC578-37BA-4CDB-B150-DAB0409270CD|85C6F08E-902C-46C2-8746-8C50E7D11E2E|D3733507-C113-4795-91ED-D3CD8039EA03|1085|Abbot|Nehru|Xanthus|MALE|11/06/94|28890|Nakuru|1|2019|3|Denis|Boarder|2016-05-07 11:28:43.101+03
C85DDFD1-62B2-4F6F-82D3-814EB99F49EE|E3CDC578-37BA-4CDB-B150-DAB0409270CD|85C6F08E-902C-46C2-8746-8C50E7D11E2E|D3733507-C113-4795-91ED-D3CD8039EA03|1086|Lewis|Guy|Steven|FEMALE|11/09/93|28891|Kisumu|1|2019|3|Denis|Day|2016-05-07 11:28:43.101+03
457FC285-C47F-4DD3-8238-0A7922D2C660|E3CDC578-37BA-4CDB-B150-DAB0409270CD|85C6F08E-902C-46C2-8746-8C50E7D11E2E|D3733507-C113-4795-91ED-D3CD8039EA03|1087|Brock|Curran|Xavier|FEMALE|12/07/92|28892|ELDORET|1|2019|3|Denis|Boarder|2016-05-07 11:28:43.101+03
0B6858E0-B265-4B7E-8744-9902FB7EE70B|E3CDC578-37BA-4CDB-B150-DAB0409270CD|85C6F08E-902C-46C2-8746-8C50E7D11E2E|D3733507-C113-4795-91ED-D3CD8039EA03|1088|Harlan|David|Alvin|MALE|12/07/94|28893|ELDORET|1|2019|3|Denis|Day|2016-05-07 11:28:43.101+03
8A3E4154-6C02-45D8-92BD-80D11EC9BC20|E3CDC578-37BA-4CDB-B150-DAB0409270CD|85C6F08E-902C-46C2-8746-8C50E7D11E2E|D3733507-C113-4795-91ED-D3CD8039EA03|1089|Jared|Keaton|William|FEMALE|11/06/94|28894|Tharaka Nithi|1|2019|3|Denis|Boarder|2016-05-07 11:28:43.101+03
C01FA99C-6A3E-4293-A462-E215F2FD1929|E3CDC578-37BA-4CDB-B150-DAB0409270CD|85C6F08E-902C-46C2-8746-8C50E7D11E2E|D3733507-C113-4795-91ED-D3CD8039EA03|1090|Ronan|Victor|Alexander|MALE|12/07/92|28895|Tharaka Nithi|1|2019|3|Denis|Day|2016-05-07 11:28:43.101+03
FBE28CB8-6B4E-4F50-A95D-F8E1C733A159|E3CDC578-37BA-4CDB-B150-DAB0409270CD|85C6F08E-902C-46C2-8746-8C50E7D11E2E|D3733507-C113-4795-91ED-D3CD8039EA03|1091|Harrison|Micah|Xander|MALE|09/07/93|28896|ELDORET|1|2019|3|Denis|Boarder|2016-05-07 11:28:43.101+03
717FD680-3AF4-463E-8006-204A086F6F9D|E3CDC578-37BA-4CDB-B150-DAB0409270CD|85C6F08E-902C-46C2-8746-8C50E7D11E2E|D3733507-C113-4795-91ED-D3CD8039EA03|1092|Ira|Ronan|Ross|FEMALE|04/05/95|28897|Tharaka Nithi|1|2019|3|Denis|Day|2016-05-07 11:28:43.101+03
79C746EC-C513-44B0-852B-6871DE7E3FA5|E3CDC578-37BA-4CDB-B150-DAB0409270CD|85C6F08E-902C-46C2-8746-8C50E7D11E2E|D3733507-C113-4795-91ED-D3CD8039EA03|1093|Garth|Nissim|Mark|MALE|06/08/96|28898|Tharaka Nithi|1|2019|3|Denis|Boarder|2016-05-07 11:28:43.101+03
C4201204-DF2C-4870-8567-DCFEA0580C7C|E3CDC578-37BA-4CDB-B150-DAB0409270CD|85C6F08E-902C-46C2-8746-8C50E7D11E2E|D3733507-C113-4795-91ED-D3CD8039EA03|1094|Reese|Jerry|Gabriel|FEMALE|03/06/94|28899|Kisumu|1|2019|3|Denis|Day|2016-05-07 11:28:43.101+03
1113FBB3-4FB1-42A5-9602-0F3E2B7799C7|E3CDC578-37BA-4CDB-B150-DAB0409270CD|85C6F08E-902C-46C2-8746-8C50E7D11E2E|D3733507-C113-4795-91ED-D3CD8039EA03|1095|Benjamin|Beck|Stuart|MALE|02/23/94|28900|Kisumu|1|2019|3|Denis|Boarder|2016-05-07 11:28:43.101+03
C6C426F3-4F3C-4DAD-9EC4-A119F1086984|E3CDC578-37BA-4CDB-B150-DAB0409270CD|85C6F08E-902C-46C2-8746-8C50E7D11E2E|D3733507-C113-4795-91ED-D3CD8039EA03|1096|Dexter|Cameron|Lev|MALE|04/20/93|28901|Narok|1|2019|3|Denis|Day|2016-05-07 11:28:43.101+03
56BFD25E-DF52-4C85-B55D-EA3CE1EC8EF0|E3CDC578-37BA-4CDB-B150-DAB0409270CD|85C6F08E-902C-46C2-8746-8C50E7D11E2E|D3733507-C113-4795-91ED-D3CD8039EA03|1097|Kareem|Mannix|Drake|MALE|11/06/94|28902|Muranga|1|2019|3|Denis|Boarder|2016-05-07 11:28:43.101+03
5A283405-71D5-44EE-A8C2-CBB5820D9AC7|E3CDC578-37BA-4CDB-B150-DAB0409270CD|85C6F08E-902C-46C2-8746-8C50E7D11E2E|D3733507-C113-4795-91ED-D3CD8039EA03|1098|Emerson|Theodore|Colt|FEMALE|11/09/93|28903|Tharaka Nithi|1|2019|3|Peter|Day|2016-05-07 11:28:43.101+03
B5C989AF-5853-4EF0-BDB8-6A9C7717644D|E3CDC578-37BA-4CDB-B150-DAB0409270CD|85C6F08E-902C-46C2-8746-8C50E7D11E2E|D3733507-C113-4795-91ED-D3CD8039EA03|1099|Jin|Ronan|Aristotle|FEMALE|12/07/92|28904|Kisumu|1|2019|3|Denis|Boarder|2016-05-07 11:28:43.101+03
6D4BF323-E228-4796-BBEE-639AA86A2528|E3CDC578-37BA-4CDB-B150-DAB0409270CD|85C6F08E-902C-46C2-8746-8C50E7D11E2E|D3733507-C113-4795-91ED-D3CD8039EA03|1100|Tyrone|Aaron|Zeus|MALE|12/07/94|28905|Narok|1|2019|3|Denis|Day|2016-05-07 11:28:43.101+03
991FD9DE-146D-495F-A8AA-603F5D269E7D|E3CDC578-37BA-4CDB-B150-DAB0409270CD|85C6F08E-902C-46C2-8746-8C50E7D11E2E|D3733507-C113-4795-91ED-D3CD8039EA03|1101|Raymond|Oleg|Jermaine|FEMALE|11/06/94|28906|Muranga|1|2019|3|Denis|Boarder|2016-05-07 11:28:43.101+03
D3DB687E-FF09-4DFE-BC24-EF6747330FCA|E3CDC578-37BA-4CDB-B150-DAB0409270CD|85C6F08E-902C-46C2-8746-8C50E7D11E2E|D3733507-C113-4795-91ED-D3CD8039EA03|1102|Roth|Amery|Baxter|MALE|12/07/92|28907|Tharaka Nithi|1|2019|3|Peter|Day|2016-05-07 11:28:43.101+03
63D54CDE-47B6-4458-BC3F-F61BDC9D6A08|E3CDC578-37BA-4CDB-B150-DAB0409270CD|85C6F08E-902C-46C2-8746-8C50E7D11E2E|D3733507-C113-4795-91ED-D3CD8039EA03|1103|Wyatt|Brock|Wing|MALE|09/07/93|28908|Nyeri|1|2019|3|Peter|Boarder|2016-05-07 11:28:43.101+03
0D599C97-E6ED-46D9-A6AD-72005D67E856|E3CDC578-37BA-4CDB-B150-DAB0409270CD|85C6F08E-902C-46C2-8746-8C50E7D11E2E|D3733507-C113-4795-91ED-D3CD8039EA03|1104|Nissim|Dane|Hiram|FEMALE|04/05/95|28909|Tharaka Nithi|1|2019|3|Denis|Day|2016-05-07 11:28:43.101+03
2AA629B7-CAC4-441A-911B-594218A3BF17|E3CDC578-37BA-4CDB-B150-DAB0409270CD|85C6F08E-902C-46C2-8746-8C50E7D11E2E|D3733507-C113-4795-91ED-D3CD8039EA03|1105|Kenneth|Rogan|Daquan|MALE|06/08/96|28910|Nyeri|1|2019|3|Peter|Boarder|2016-05-07 11:28:43.101+03
4631F3CA-DBBC-4B5A-A3F5-25B224135395|E3CDC578-37BA-4CDB-B150-DAB0409270CD|85C6F08E-902C-46C2-8746-8C50E7D11E2E|D3733507-C113-4795-91ED-D3CD8039EA03|1106|Tad|Adrian|Grady|FEMALE|03/06/94|28911|Meru|1|2019|3|Peter|Day|2016-05-07 11:28:43.101+03
CE456104-4DED-4CE2-970A-CFB0B976E324|E3CDC578-37BA-4CDB-B150-DAB0409270CD|85C6F08E-902C-46C2-8746-8C50E7D11E2E|D3733507-C113-4795-91ED-D3CD8039EA03|1107|Lev|Alvin|Chadwick|MALE|02/23/94|28912|Meru|1|2019|3|Peter|Boarder|2016-05-07 11:28:43.101+03
1D970206-0C82-4021-918D-0CE6DD0AC955|E3CDC578-37BA-4CDB-B150-DAB0409270CD|85C6F08E-902C-46C2-8746-8C50E7D11E2E|D3733507-C113-4795-91ED-D3CD8039EA03|1108|Silas|Hakeem|Mohammad|MALE|04/20/93|28913|Muranga|1|2019|3|Denis|Day|2016-05-07 11:28:43.101+03
D961EF8B-1F5E-40BD-8F6B-3FD878C61691|E3CDC578-37BA-4CDB-B150-DAB0409270CD|85C6F08E-902C-46C2-8746-8C50E7D11E2E|D3733507-C113-4795-91ED-D3CD8039EA03|1109|Colin|Rajah|Dieter|MALE|11/06/94|28914|Nakuru|1|2019|3|Denis|Boarder|2016-05-07 11:28:43.101+03
7E158943-92DF-46E3-8B2E-7973EC929C6C|E3CDC578-37BA-4CDB-B150-DAB0409270CD|85C6F08E-902C-46C2-8746-8C50E7D11E2E|D3733507-C113-4795-91ED-D3CD8039EA03|1110|Jerome|Cameron|Adam|FEMALE|11/09/93|28915|Nyeri|1|2019|3|Denis|Day|2016-05-07 11:28:43.101+03
F03AA506-8A07-4B79-9CE5-A9A987BD84FF|E3CDC578-37BA-4CDB-B150-DAB0409270CD|85C6F08E-902C-46C2-8746-8C50E7D11E2E|D3733507-C113-4795-91ED-D3CD8039EA03|1111|Rogan|Dorian|Price|FEMALE|12/07/92|28916|Tharaka Nithi|1|2019|3|Denis|Boarder|2016-05-07 11:28:43.101+03
CDABD353-BB34-43A1-8615-94D111E520FB|E3CDC578-37BA-4CDB-B150-DAB0409270CD|85C6F08E-902C-46C2-8746-8C50E7D11E2E|D3733507-C113-4795-91ED-D3CD8039EA03|1112|Keith|Kaseem|Zeus|MALE|12/07/94|28917|Nakuru|1|2019|3|Denis|Day|2016-05-07 11:28:43.101+03
CBE51DD4-DADD-4C8C-B3BE-5404DD97C63F|E3CDC578-37BA-4CDB-B150-DAB0409270CD|85C6F08E-902C-46C2-8746-8C50E7D11E2E|D3733507-C113-4795-91ED-D3CD8039EA03|1113|Uriel|Colton|Oren|FEMALE|11/06/94|28918|Kisumu|1|2019|3|Denis|Boarder|2016-05-07 11:28:43.101+03
C75EFC69-08FD-445F-B51B-3395FDEF4A95|E3CDC578-37BA-4CDB-B150-DAB0409270CD|85C6F08E-902C-46C2-8746-8C50E7D11E2E|D3733507-C113-4795-91ED-D3CD8039EA03|1114|Cooper|Caesar|Forrest|MALE|12/07/92|28919|ELDORET|1|2019|3|Denis|Day|2016-05-07 11:28:43.101+03
ABAFB76A-8B72-4F60-849D-000245ADBA7F|E3CDC578-37BA-4CDB-B150-DAB0409270CD|85C6F08E-902C-46C2-8746-8C50E7D11E2E|D3733507-C113-4795-91ED-D3CD8039EA03|1115|Ralph|Randall|Burton|MALE|09/07/93|28920|ELDORET|1|2019|3|Denis|Boarder|2016-05-07 11:28:43.101+03
A6992B16-33F4-44EC-9B3E-C7E3E244A116|E3CDC578-37BA-4CDB-B150-DAB0409270CD|85C6F08E-902C-46C2-8746-8C50E7D11E2E|D3733507-C113-4795-91ED-D3CD8039EA03|1116|Aquila|Plato|Fuller|FEMALE|04/05/95|28921|Tharaka Nithi|1|2019|3|Denis|Day|2016-05-07 11:28:43.101+03
5558DF52-C470-46BD-A2B3-E9FFA52B4E70|E3CDC578-37BA-4CDB-B150-DAB0409270CD|85C6F08E-902C-46C2-8746-8C50E7D11E2E|D3733507-C113-4795-91ED-D3CD8039EA03|1117|Dustin|Matthew|Thomas|MALE|06/08/96|28922|Tharaka Nithi|1|2019|3|Denis|Boarder|2016-05-07 11:28:43.101+03
0D45D7CB-1FB8-44F6-856F-9A60EE0E8620|E3CDC578-37BA-4CDB-B150-DAB0409270CD|85C6F08E-902C-46C2-8746-8C50E7D11E2E|D3733507-C113-4795-91ED-D3CD8039EA03|1118|Jack|Barry|Thaddeus|FEMALE|03/06/94|28923|ELDORET|1|2019|3|Denis|Day|2016-05-07 11:28:43.101+03
532F2337-E49A-4804-9C6C-422271B46E36|E3CDC578-37BA-4CDB-B150-DAB0409270CD|85C6F08E-902C-46C2-8746-8C50E7D11E2E|D3733507-C113-4795-91ED-D3CD8039EA03|1119|Salvador|Aladdin|Joshua|MALE|02/23/94|28924|Tharaka Nithi|1|2019|3|Denis|Boarder|2016-05-07 11:28:43.101+03
B3D6957B-0DAE-4E1B-A244-09C33F6FEF80|E3CDC578-37BA-4CDB-B150-DAB0409270CD|85C6F08E-902C-46C2-8746-8C50E7D11E2E|D3733507-C113-4795-91ED-D3CD8039EA03|1120|Hamilton|Berk|Phelan|MALE|04/20/93|28925|Tharaka Nithi|1|2019|3|Denis|Day|2016-05-07 11:28:43.101+03
