Uuid|TeacherUuid|SubjectUuid|ClassRoomUuid|User|AssignDate
2220FBC0-C731-417E-91F7-B236E357547A|708D2D79-BD0A-4338-BC75-62A5659A4F56|D0F7EC32-EA25-7D32-8708-2CC132446|4DA86139-6A72-4089-8858-6A3A613FDFE6|Denis|Sat Dec 06 22:00:42 EAT 2013
7EFF7606-D4D3-4040-B61A-55D145748495|AEC5BE96-CA88-401F-AFFA-AAA54FCCAB8F|66027e51-b1ad-4b10-8250-63af64d23323|4DA86139-6A72-4089-8858-6A3A613FDFE6|Denis|Sat Dec 06 22:00:42 EAT 2013
D41583A8-03E5-40BD-861A-87D62D9051E4|F49DB775-4952-4915-B978-9D9F3E36D6E9|4f59580d-1a16-4669-9ed5-4b89615d6903|4DA86139-6A72-4089-8858-6A3A613FDFE6|Denis|Sat Dec 06 22:00:42 EAT 2013
F754E5B4-5340-41FF-9F48-89C6AB5EC130|5FC9F25F-7BC4-451F-B718-778CC08849C8|552c0a24-6038-440f-add5-2dadfb9a23bd|4DA86139-6A72-4089-8858-6A3A613FDFE6|Denis|Sat Dec 06 22:00:42 EAT 2013
21594FBF-E225-4E1C-94F2-4D29631354DB|5E2FD3E7-92FF-4851-B49A-8B9C185BA5B4|44f23b3c-e066-4b45-931c-0e8073d3a93a|4DA86139-6A72-4089-8858-6A3A613FDFE6|Denis|Sat Dec 06 22:00:42 EAT 2013
3A0FEDDD-D744-41CE-904A-016FED41A3D7|0AFC69BF-408E-4E9F-9726-E0A2B53089F4|de0c86be-9bcb-4d3b-8098-b06687536c1f|4DA86139-6A72-4089-8858-6A3A613FDFE6|Denis|Sat Dec 06 22:00:42 EAT 2013
14BEE5A5-F64B-44DF-A241-4DF20ECF6A96|AEC5BE96-CA88-401F-AFFA-AAA54FCCAB8F|c9caf109-c27d-4062-9b9f-ac4268629e27|4DA86139-6A72-4089-8858-6A3A613FDFE6|Denis|Sat Dec 06 22:00:42 EAT 2013
14BEE5A5-F64B-44DF-A241-6464HDHHD6|F49DB775-4952-4915-B978-9D9F3E36D6E9|f098e943-26fd-4dc0-b6a0-2d02477004a4|4DA86139-6A72-4089-8858-6A3A613FDFE6|Denis|Sat Dec 06 22:00:42 EAT 2013
3921F703-173C-47BE-A392-19E37E6C5357|5FC9F25F-7BC4-451F-B718-778CC08849C8|0e5dc1c6-f62f-4a36-a1ec-064173332694|4DA86139-6A72-4089-8858-6A3A613FDFE6|Denis|Sat Dec 06 22:00:42 EAT 2013
2BB8357D-7D5C-4451-ACD8-D8B8A7A06070|5E2FD3E7-92FF-4851-B49A-8B9C185BA5B4|e1729cc2-524a-4069-b4a4-be5aec8473fe|4DA86139-6A72-4089-8858-6A3A613FDFE6|Denis|Sat Dec 06 22:00:42 EAT 2013
CE527ACB-75CF-4B1B-A897-77132DDB0C83|0AFC69BF-408E-4E9F-9726-E0A2B53089F4|b9bbd718-b32f-4466-ab34-42f544ff900e|4DA86139-6A72-4089-8858-6A3A613FDFE6|Denis|Sat Dec 06 22:00:42 EAT 2013
B961DB8C-0A77-4A85-AA8E-33CBD1D21DC4|5E2FD3E7-92FF-4851-B49A-8B9C185BA5B4|C1F28FF4-1A18-4552-822A-7A4767643643|4DA86139-6A72-4089-8858-6A3A613FDFE6|Denis|Sat Dec 06 22:00:42 EAT 2013
479B1F9B-BF23-4BAE-A64F-E835FDBB46AE|0AFC69BF-408E-4E9F-9726-E0A2B53089F4|F1972BF2-C788-4F41-94FE-FBA1869C92BC|4DA86139-6A72-4089-8858-6A3A613FDFE6|Denis|Sat Dec 06 22:00:42 EAT 2013
7189C1B7-A12A-4B84-97F5-FE71E789F440|AEC5BE96-CA88-401F-AFFA-AAA54FCCAB8F|66027e51-b1ad-4b10-8250-63af64d23323|D3733507-C113-4795-91ED-D3CD8039EA03|Denis|Sat Dec 06 22:00:42 EAT 2013
CCA7D42E-DFA1-40B8-8416-DC83101D1C73|F49DB775-4952-4915-B978-9D9F3E36D6E9|4f59580d-1a16-4669-9ed5-4b89615d6903|D3733507-C113-4795-91ED-D3CD8039EA03|Denis|Sat Dec 06 22:00:42 EAT 2013
CE898664-5888-48FF-BAF4-8F3D5B968050|5FC9F25F-7BC4-451F-B718-778CC08849C8|552c0a24-6038-440f-add5-2dadfb9a23bd|D3733507-C113-4795-91ED-D3CD8039EA03|Denis|Sat Dec 06 22:00:42 EAT 2013
B91BAFD3-EC97-4978-A4A0-0C598421AA25|5E2FD3E7-92FF-4851-B49A-8B9C185BA5B4|44f23b3c-e066-4b45-931c-0e8073d3a93a|D3733507-C113-4795-91ED-D3CD8039EA03|Denis|Sat Dec 06 22:00:42 EAT 2013
57DB9162-49FB-4416-AD72-ABCE228AF5B8|0AFC69BF-408E-4E9F-9726-E0A2B53089F4|de0c86be-9bcb-4d3b-8098-b06687536c1f|D3733507-C113-4795-91ED-D3CD8039EA03|Denis|Sat Dec 06 22:00:42 EAT 2013
35CCBD78-BB06-478F-BB8F-ECD5ADE83483|AEC5BE96-CA88-401F-AFFA-AAA54FCCAB8F|c9caf109-c27d-4062-9b9f-ac4268629e27|D3733507-C113-4795-91ED-D3CD8039EA03|Denis|Sat Dec 06 22:00:42 EAT 2013
60756A69-B44A-4AFD-A894-CAA37A57F12C|F49DB775-4952-4915-B978-9D9F3E36D6E9|f098e943-26fd-4dc0-b6a0-2d02477004a4|D3733507-C113-4795-91ED-D3CD8039EA03|Denis|Sat Dec 06 22:00:42 EAT 2013
B59E2909-3A28-4DCE-AFBA-54E6718F1729|5FC9F25F-7BC4-451F-B718-778CC08849C8|0e5dc1c6-f62f-4a36-a1ec-064173332694|D3733507-C113-4795-91ED-D3CD8039EA03|Denis|Sat Dec 06 22:00:42 EAT 2013
651F4928-C7D5-49A6-9B9A-04C89694DB69|5E2FD3E7-92FF-4851-B49A-8B9C185BA5B4|e1729cc2-524a-4069-b4a4-be5aec8473fe|D3733507-C113-4795-91ED-D3CD8039EA03|Denis|Sat Dec 06 22:00:42 EAT 2013
A2BF208C-CF18-492E-9DC6-C4633EB8E8F6|0AFC69BF-408E-4E9F-9726-E0A2B53089F4|b9bbd718-b32f-4466-ab34-42f544ff900e|D3733507-C113-4795-91ED-D3CD8039EA03|Denis|Sat Dec 06 22:00:42 EAT 2013
420628EC-FF7D-45ED-9B36-9AE35431D8AF|5E2FD3E7-92FF-4851-B49A-8B9C185BA5B4|C1F28FF4-1A18-4552-822A-7A4767643643|D3733507-C113-4795-91ED-D3CD8039EA03|Denis|Sat Dec 06 22:00:42 EAT 2013
7E37176C-5A27-4617-BD00-B959612D7A9B|0AFC69BF-408E-4E9F-9726-E0A2B53089F4|F1972BF2-C788-4F41-94FE-FBA1869C92BC|D3733507-C113-4795-91ED-D3CD8039EA03|Denis|Sat Dec 06 22:00:42 EAT 2013
B4BE0541-AD42-4D4C-8BF0-DBCAC7D1FF57|AEC5BE96-CA88-401F-AFFA-AAA54FCCAB8F|66027e51-b1ad-4b10-8250-63af64d23323|58444390-EFCA-4C4B-9010-577C31499A63|Denis|Sat Dec 06 22:00:42 EAT 2013
46395D56-5B54-49F8-B838-01B1F6108DCF|F49DB775-4952-4915-B978-9D9F3E36D6E9|4f59580d-1a16-4669-9ed5-4b89615d6903|58444390-EFCA-4C4B-9010-577C31499A63|Denis|Sat Dec 06 22:00:42 EAT 2013
87C2F124-5DE7-4DC8-B1A6-4369CD764623|5FC9F25F-7BC4-451F-B718-778CC08849C8|552c0a24-6038-440f-add5-2dadfb9a23bd|58444390-EFCA-4C4B-9010-577C31499A63|Denis|Sat Dec 06 22:00:42 EAT 2013
FCF004CF-7852-4A63-BC1A-E28B27C02F2B|5E2FD3E7-92FF-4851-B49A-8B9C185BA5B4|44f23b3c-e066-4b45-931c-0e8073d3a93a|58444390-EFCA-4C4B-9010-577C31499A63|Denis|Sat Dec 06 22:00:42 EAT 2013
3F6582E8-53E3-46F7-BF7A-07176E503D6F|0AFC69BF-408E-4E9F-9726-E0A2B53089F4|de0c86be-9bcb-4d3b-8098-b06687536c1f|58444390-EFCA-4C4B-9010-577C31499A63|Denis|Sat Dec 06 22:00:42 EAT 2013
68995E3B-4A34-431E-AE0B-2AC2ADDB65EA|AEC5BE96-CA88-401F-AFFA-AAA54FCCAB8F|c9caf109-c27d-4062-9b9f-ac4268629e27|58444390-EFCA-4C4B-9010-577C31499A63|Denis|Sat Dec 06 22:00:42 EAT 2013
2D78671A-29C0-4B3F-8055-0A7713B848FC|F49DB775-4952-4915-B978-9D9F3E36D6E9|f098e943-26fd-4dc0-b6a0-2d02477004a4|58444390-EFCA-4C4B-9010-577C31499A63|Denis|Sat Dec 06 22:00:42 EAT 2013
056517C1-1FBA-44D3-A0F3-A0CA87FD1CD1|5FC9F25F-7BC4-451F-B718-778CC08849C8|0e5dc1c6-f62f-4a36-a1ec-064173332694|58444390-EFCA-4C4B-9010-577C31499A63|Denis|Sat Dec 06 22:00:42 EAT 2013
ADEDCA65-946F-431D-A3EB-19290B802CD4|5E2FD3E7-92FF-4851-B49A-8B9C185BA5B4|e1729cc2-524a-4069-b4a4-be5aec8473fe|58444390-EFCA-4C4B-9010-577C31499A63|Denis|Sat Dec 06 22:00:42 EAT 2013
6F3EBD3B-F50B-4A61-86FA-0D4A7000D823|0AFC69BF-408E-4E9F-9726-E0A2B53089F4|b9bbd718-b32f-4466-ab34-42f544ff900e|58444390-EFCA-4C4B-9010-577C31499A63|Denis|Sat Dec 06 22:00:42 EAT 2013
C63552BB-23B2-4F5E-9461-1C0E5F87DDE1|5E2FD3E7-92FF-4851-B49A-8B9C185BA5B4|C1F28FF4-1A18-4552-822A-7A4767643643|58444390-EFCA-4C4B-9010-577C31499A63|Denis|Sat Dec 06 22:00:42 EAT 2013
55960500-496F-40D8-9DEE-501124CB0132|0AFC69BF-408E-4E9F-9726-E0A2B53089F4|F1972BF2-C788-4F41-94FE-FBA1869C92BC|58444390-EFCA-4C4B-9010-577C31499A63|Denis|Sat Dec 06 22:00:42 EAT 2013
678674F4-C580-42A1-8734-BBF682C97BCD|AEC5BE96-CA88-401F-AFFA-AAA54FCCAB8F|66027e51-b1ad-4b10-8250-63af64d23323|59E5F556-4B04-43B2-8139-E2D39A7836C6|Denis|Sat Dec 06 22:00:42 EAT 2013
1AE66950-B137-4F2F-B01E-E262162536E0|F49DB775-4952-4915-B978-9D9F3E36D6E9|4f59580d-1a16-4669-9ed5-4b89615d6903|59E5F556-4B04-43B2-8139-E2D39A7836C6|Denis|Sat Dec 06 22:00:42 EAT 2013
45B1E98A-B7E1-47B6-AEA3-A0CA6660BA3B|5FC9F25F-7BC4-451F-B718-778CC08849C8|552c0a24-6038-440f-add5-2dadfb9a23bd|59E5F556-4B04-43B2-8139-E2D39A7836C6|Denis|Sat Dec 06 22:00:42 EAT 2013
321FD232-FF12-418D-BF44-4C3775F6FBD5|5E2FD3E7-92FF-4851-B49A-8B9C185BA5B4|44f23b3c-e066-4b45-931c-0e8073d3a93a|59E5F556-4B04-43B2-8139-E2D39A7836C6|Denis|Sat Dec 06 22:00:42 EAT 2013
CB83D2B8-F15D-4715-9C26-C43FE8E1AFC8|0AFC69BF-408E-4E9F-9726-E0A2B53089F4|de0c86be-9bcb-4d3b-8098-b06687536c1f|59E5F556-4B04-43B2-8139-E2D39A7836C6|Denis|Sat Dec 06 22:00:42 EAT 2013
B57CD80B-B456-46AB-BE01-EF5415626BEB|AEC5BE96-CA88-401F-AFFA-AAA54FCCAB8F|c9caf109-c27d-4062-9b9f-ac4268629e27|59E5F556-4B04-43B2-8139-E2D39A7836C6|Denis|Sat Dec 06 22:00:42 EAT 2013
0E5013A9-2663-4A6B-AAD6-DF5655E5F026|F49DB775-4952-4915-B978-9D9F3E36D6E9|f098e943-26fd-4dc0-b6a0-2d02477004a4|59E5F556-4B04-43B2-8139-E2D39A7836C6|Denis|Sat Dec 06 22:00:42 EAT 2013
90F443A1-437D-4903-B359-C9B40DB64945|5FC9F25F-7BC4-451F-B718-778CC08849C8|0e5dc1c6-f62f-4a36-a1ec-064173332694|59E5F556-4B04-43B2-8139-E2D39A7836C6|Denis|Sat Dec 06 22:00:42 EAT 2013
1760EC73-CD38-4023-8ACC-CEC8CD575861|5E2FD3E7-92FF-4851-B49A-8B9C185BA5B4|e1729cc2-524a-4069-b4a4-be5aec8473fe|59E5F556-4B04-43B2-8139-E2D39A7836C6|Denis|Sat Dec 06 22:00:42 EAT 2013
E0756F75-09BB-4C88-8EAA-2CADF6AF4BB3|0AFC69BF-408E-4E9F-9726-E0A2B53089F4|b9bbd718-b32f-4466-ab34-42f544ff900e|59E5F556-4B04-43B2-8139-E2D39A7836C6|Denis|Sat Dec 06 22:00:42 EAT 2013
C7AA3C83-EE38-4DF6-AE65-DB7F03A74700|5E2FD3E7-92FF-4851-B49A-8B9C185BA5B4|C1F28FF4-1A18-4552-822A-7A4767643643|59E5F556-4B04-43B2-8139-E2D39A7836C6|Denis|Sat Dec 06 22:00:42 EAT 2013
D31ABF16-7787-4A49-8E76-E9091B2B9E6B|0AFC69BF-408E-4E9F-9726-E0A2B53089F4|F1972BF2-C788-4F41-94FE-FBA1869C92BC|59E5F556-4B04-43B2-8139-E2D39A7836C6|Denis|Sat Dec 06 22:00:42 EAT 2013
5281F3D1-7368-499E-9914-431DA41F39E4|AEC5BE96-CA88-401F-AFFA-AAA54FCCAB8F|66027e51-b1ad-4b10-8250-63af64d23323|46398A47-93F2-4591-B36F-1C28B03CC2F3|Denis|Sat Dec 06 22:00:42 EAT 2013
E2342A21-A7AA-4D53-B1F2-CD97518337A2|F49DB775-4952-4915-B978-9D9F3E36D6E9|4f59580d-1a16-4669-9ed5-4b89615d6903|46398A47-93F2-4591-B36F-1C28B03CC2F3|Denis|Sat Dec 06 22:00:42 EAT 2013
267AB8D4-78E5-4104-882F-7C398240465C|5FC9F25F-7BC4-451F-B718-778CC08849C8|552c0a24-6038-440f-add5-2dadfb9a23bd|46398A47-93F2-4591-B36F-1C28B03CC2F3|Denis|Sat Dec 06 22:00:42 EAT 2013
AD9566E3-A48E-4E40-ACFA-7C863CFDF4EC|5E2FD3E7-92FF-4851-B49A-8B9C185BA5B4|44f23b3c-e066-4b45-931c-0e8073d3a93a|46398A47-93F2-4591-B36F-1C28B03CC2F3|Denis|Sat Dec 06 22:00:42 EAT 2013
C8773B63-CC52-47C3-BB2D-EDDD4C650AB6|0AFC69BF-408E-4E9F-9726-E0A2B53089F4|de0c86be-9bcb-4d3b-8098-b06687536c1f|46398A47-93F2-4591-B36F-1C28B03CC2F3|Denis|Sat Dec 06 22:00:42 EAT 2013
6B716F1F-421A-44B2-BD55-E1BDD41D5B93|AEC5BE96-CA88-401F-AFFA-AAA54FCCAB8F|c9caf109-c27d-4062-9b9f-ac4268629e27|46398A47-93F2-4591-B36F-1C28B03CC2F3|Denis|Sat Dec 06 22:00:42 EAT 2013
8A4007E6-F0D5-43D1-9AAB-EA37E7D2A95D|F49DB775-4952-4915-B978-9D9F3E36D6E9|f098e943-26fd-4dc0-b6a0-2d02477004a4|46398A47-93F2-4591-B36F-1C28B03CC2F3|Denis|Sat Dec 06 22:00:42 EAT 2013
1431D658-A53D-449A-944B-947401BFEBC0|5FC9F25F-7BC4-451F-B718-778CC08849C8|0e5dc1c6-f62f-4a36-a1ec-064173332694|37D3223A-547E-4BA9-BD0C-28F6187BB5D4|Denis|Sat Dec 06 22:00:42 EAT 2013
9F0AB82A-8273-4131-A338-E3C3B6A80549|5E2FD3E7-92FF-4851-B49A-8B9C185BA5B4|e1729cc2-524a-4069-b4a4-be5aec8473fe|37D3223A-547E-4BA9-BD0C-28F6187BB5D4|Denis|Sat Dec 06 22:00:42 EAT 2013
901D24F2-63C8-461F-82A3-E351D4BAA343|0AFC69BF-408E-4E9F-9726-E0A2B53089F4|b9bbd718-b32f-4466-ab34-42f544ff900e|37D3223A-547E-4BA9-BD0C-28F6187BB5D4|Denis|Sat Dec 06 22:00:42 EAT 2013
011AA1FC-7CC7-41C9-A891-FD058ECF8A1E|5E2FD3E7-92FF-4851-B49A-8B9C185BA5B4|C1F28FF4-1A18-4552-822A-7A4767643643|37D3223A-547E-4BA9-BD0C-28F6187BB5D4|Denis|Sat Dec 06 22:00:42 EAT 2013
01075A49-3578-4B4E-ABE0-C127C2435CBF|0AFC69BF-408E-4E9F-9726-E0A2B53089F4|F1972BF2-C788-4F41-94FE-FBA1869C92BC|37D3223A-547E-4BA9-BD0C-28F6187BB5D4|Denis|Sat Dec 06 22:00:42 EAT 2013
