uuid|accountId|categoryId|code|numericCode|description
D0F7EC32-EA25-7D32-8708-2CC132446|E3CDC578-37BA-4CDB-B150-DAB0409270CD|3F0330CD-47F9-42B4-B736-0E11CBB4988A|ENG|100|English
66027e51-b1ad-4b10-8250-63af64d23323|E3CDC578-37BA-4CDB-B150-DAB0409270CD|3F0330CD-47F9-42B4-B736-0E11CBB4988A|KIS|101|Kiswahili
4f59580d-1a16-4669-9ed5-4b89615d6903|E3CDC578-37BA-4CDB-B150-DAB0409270CD|B8C59DA7-1013-4879-B40A-630F0E647497|MAT|102|Mathematics
552c0a24-6038-440f-add5-2dadfb9a23bd|E3CDC578-37BA-4CDB-B150-DAB0409270CD|44B7A7B3-4DAE-44A9-86FB-70FE1A6D31C1|CHE|103|Chemistry
44f23b3c-e066-4b45-931c-0e8073d3a93a|E3CDC578-37BA-4CDB-B150-DAB0409270CD|44B7A7B3-4DAE-44A9-86FB-70FE1A6D31C1|PHY|104|Physics
de0c86be-9bcb-4d3b-8098-b06687536c1f|E3CDC578-37BA-4CDB-B150-DAB0409270CD|44B7A7B3-4DAE-44A9-86FB-70FE1A6D31C1|BIO|105|Biology
c9caf109-c27d-4062-9b9f-ac4268629e27|E3CDC578-37BA-4CDB-B150-DAB0409270CD|BCD7AFBC-B5B0-45CE-806C-64051F4C6D1F|HIS|106|History
f098e943-26fd-4dc0-b6a0-2d02477004a4|E3CDC578-37BA-4CDB-B150-DAB0409270CD|BCD7AFBC-B5B0-45CE-806C-64051F4C6D1F|CRE|107|Christian Religion
0e5dc1c6-f62f-4a36-a1ec-064173332694|E3CDC578-37BA-4CDB-B150-DAB0409270CD|BCD7AFBC-B5B0-45CE-806C-64051F4C6D1F|GEO|108|Geography
e1729cc2-524a-4069-b4a4-be5aec8473fe|E3CDC578-37BA-4CDB-B150-DAB0409270CD|6DAAC70F-C6A5-4DD7-85AE-B928946132EA|B/S|109|Business
b9bbd718-b32f-4466-ab34-42f544ff900e|E3CDC578-37BA-4CDB-B150-DAB0409270CD|6DAAC70F-C6A5-4DD7-85AE-B928946132EA|AGR|110|Agriculture
C1F28FF4-1A18-4552-822A-7A4767643643|E3CDC578-37BA-4CDB-B150-DAB0409270CD|6DAAC70F-C6A5-4DD7-85AE-B928946132EA|HSC|111|Home Science
F1972BF2-C788-4F41-94FE-FBA1869C92BC|E3CDC578-37BA-4CDB-B150-DAB0409270CD|6DAAC70F-C6A5-4DD7-85AE-B928946132EA|COM|112|Computer Studies
